name,gender,age,job,province,point
ดวงจันทร์ ธนรักษ์,เพศหญิง,40,นักแสดง,จังหวัดชลบุรี,1785
เจษฎากร แท่นทอง,เพศชาย,31,คนขับรถแท็กซี่,จังหวัดสุรินทร์,1774
สุทกร เจริญรัมย์,เพศชาย,30,นักเคลื่อนไหว,จังหวัดนราธิวาส,1370
กวาง ธนูปกรณ์,เพศหญิง,24,นักธุรกิจ,จังหวัดอุบลราชธานี,6249
สุทกร มนทอง,เพศชาย,60,นักบินอวกาศ,จังหวัดสุพรรณบุรี,96
จีราภรณ์ ด้วงโสน,เพศหญิง,52,นักประชาสัมพันธ์,จังหวัดสุราษฎร์ธานี,1646
เอนกพงศ์ เธียรายัน,เพศชาย,42,อาจารย์,จังหวัดตราด,6279
ธารา กุมารบุญ,เพศชาย,27,เกษตรกร,จังหวัดกำแพงเพชร,640
พรพิไล ขอหมั่นกลาง,เพศหญิง,28,ผู้กำกับ,จังหวัดตรัง,2016
ณิชเชฏฐ์ ทองประดิฐ,เพศชาย,50,นักแปล,จังหวัดอุทัยธานี,9166
ยนงคราญ ศรีวงค์,เพศหญิง,27,นักบินอวกาศ,จังหวัดตาก,1480
ทิพรดา ถนัดหัตถกรรม,เพศหญิง,22,นักคณิตศาสตร์,จังหวัดพระนครศรีอยุธยา,2581
มาสิตะ ทำประดู่,เพศหญิง,24,พิธีกร,จังหวัดภูเก็ต,2848
ทิพรดา พรมอ่อน,เพศหญิง,41,นักหนังสือพิมพ์,จังหวัดพังงา,72
โสภณ ตระกูลไม้เรียง,เพศชาย,24,นักแต่งเพลง,จังหวัดร้อยเอ็ด,3846
วิเชียร ถนอมพลกรัง,เพศหญิง,29,มัคคุเทศก์,จังหวัดเชียงราย,7972
เทพนารี นุตตาร,เพศหญิง,37,เจ้าหน้าที่พัฒนาเอกชน,จังหวัดราชบุรี,9409
เจตธนากร นาถะเดชะ,เพศชาย,23,นักการทูต,จังหวัดเลย,392
ศิริเกศ ขุนดำ,เพศหญิง,24,นักการศึกษา,จังหวัดสงขลา,790
ฮามีย๊ะ นวลฉวี,เพศหญิง,52,ผู้กำกับภาพยนตร์,จังหวัดสุโขทัย,6657
สิรวัฒน์ นากกนก,เพศชาย,22,นักกีฬา,จังหวัดยโสธร,4577
สมนึก ศิวะวรเวท,เพศชาย,48,นักจิตวิทยา,จังหวัดตาก,909
พิชาภพ พงศ์ฉบับนภา,เพศชาย,24,โปรแกรมเมอร์,จังหวัดชัยภูมิ,3108
พัสวี ดวงทับทิม,เพศหญิง,35,นักเขียน,จังหวัดสงขลา,11945
พรปราณี นาถะเดชะ,เพศหญิง,22,อัยการ,จังหวัดปราจีนบุรี,1603
ณาร์รีมาน บุตราช,เพศหญิง,26,นักสังคมศาสตร์,จังหวัดพังงา,6094
แกมแพร ทันยุค,เพศหญิง,41,ผู้จัดพิมพ์,จังหวัดหนองบัวลำภู,2776
โยธิการ์ ธุวะนุติ์,เพศหญิง,32,นักสังคมศาสตร์,จังหวัดอุดรธานี,9898
นาตยา คำลือ,เพศหญิง,38,นักบิน,จังหวัดระนอง,579
ฐิติยาพร นุ่มกัน,เพศหญิง,26,นักเคลื่อนไหว,จังหวัดชลบุรี,7202
อัญพัชร์ ดีตพันธุ์,เพศหญิง,53,ทหารบก,จังหวัดสุรินทร์,1427
เมทนี บุนยะตีรณะ,เพศหญิง,39,นักสังคมสงเคราะห์,จังหวัดชัยนาท,6800
เอกชัย ถนัดเดินข่าว,เพศชาย,20,วิศวกร,จังหวัดนครสวรรค์,4699
กิติวัฒน์ พรรษาสกุล,เพศชาย,26,อัยการ,จังหวัดพิษณุโลก,10443
เฉลิมรัตน์ ทหารแท้,เพศชาย,34,มัคคุเทศก์,จังหวัดพิจิตร,763
ศุภกรชนา ตันเผ่า,เพศหญิง,27,เจ้าหน้าที่รัฐบาล,จังหวัดสมุทรสงคราม,544
ราณี ถมปัด,เพศหญิง,54,นักมายากล,จังหวัดบึงกาฬ,311
จิณภัทตา นิติสาขา,เพศหญิง,63,จ๊อกกี้,จังหวัดมุกดาหาร,3977
นนทกาญจน์ ทองแท้,เพศชาย,36,นักเศรษฐศาสตร์,จังหวัดกรุงเทพฯ,9353
กิ่งแก้ว ทองสินธุ์,เพศหญิง,30,ทหารบก,จังหวัดปราจีนบุรี,10264
วีร์สุดา ถนัดกลึง,เพศหญิง,30,นักสะสมศิลปะ,จังหวัดอุทัยธานี,5036
ณาร์รีมาน ทวีเดช,เพศหญิง,39,นักวิทยาศาสตร์,จังหวัดกาฬสินธุ์,670
บุญญกัลป์ สังข์กรด,เพศชาย,25,บรรณารักษ์,จังหวัดมหาสารคาม,403
เกษมชัย บุญส่ง,เพศชาย,32,ค้าขาย,จังหวัดสุรินทร์,9893
ทินพร นิละทัต,เพศหญิง,23,เจ้าหน้าที่พัฒนาเอกชน,จังหวัดเพชรบูรณ์,2647
สิริรัตน์ แจ้งสว่าง,เพศชาย,42,นางแบบ,จังหวัดสงขลา,2231
ชัฎชา ตวันเยี่ยม,เพศหญิง,29,ช่างทำผม,จังหวัดฉะเชิงเทรา,2193
ปิยนาฎ นิลสลัว,เพศหญิง,37,นักหนังสือพิมพ์,จังหวัดขอนแก่น,4431
สมใจ ถนิมมาศ,เพศหญิง,37,นักออกแบบ,จังหวัดกทม.,1983
พงษ์นเรศ ดิศดใน,เพศชาย,38,นักภาษาศาสตร์,จังหวัดสตูล,7818
ปิยะชาติ ทศโยธิน,เพศหญิง,40,โฆษก,จังหวัดราชบุรี,4565
วรศาสส์ แน่นดุจป้อม,เพศชาย,45,นักเขียน,จังหวัดอุตรดิตถ์,1697
นาย ทองสีไพล,เพศชาย,35,นักการศึกษา,จังหวัดเพชรบูรณ์,19442
ธมน บุนยาภิสนท์,เพศชาย,33,อาจารย์,จังหวัดสมุทรปราการ,475
ซูรัยดา ถนอมกุลบุตร,เพศหญิง,31,นักชีววิทยา,จังหวัดสระแก้ว,3594
สุภาพร ตันเผ่า,เพศหญิง,26,นักเคลื่อนไหว,จังหวัดพระนครศรีอยุธยา,4551
เทียมศักดิ์ ธีวร,เพศชาย,39,นักภาษาศาสตร์,จังหวัดกรุงเทพฯ,4175
นาตยา ทีฆะ,เพศหญิง,26,ข้าราชการ,จังหวัดพระนครศรีอยุธยา,1764
ธเนษฐ ตัณฑนุช,เพศชาย,29,ผู้จัดพิมพ์,จังหวัดเพชรบูรณ์,4607
คำ ปานสุวรรณ,เพศหญิง,40,นักจิตวิทยา,จังหวัดฉะเชิงเทรา,10716
ภานิณี นิลวิมล,เพศหญิง,55,นักแต่งเพลง,จังหวัดสุโขทัย,2912
อัญชัญ ตัณสถิตย์,เพศหญิง,20,นักดาราศาสตร์,จังหวัดปทุมธานี,1593
ณิชนันท์ พรสีมา,เพศหญิง,26,นักการกุศล,จังหวัดเชียงใหม่,3938
โรสชา ธนประทีป,เพศหญิง,42,นักอนุรักษ์ธรรมชาติ,จังหวัดนราธิวาส,7947
ตรีนุช ดาวอร่าม,เพศหญิง,31,ผู้กำกับ,จังหวัดนนทบุรี,5749
จิฬาภรณ์ นวลฉวี,เพศหญิง,37,นักการศึกษา,จังหวัดสระบุรี,3495
อาซือมะ ศรีธนะเวทย์,เพศหญิง,26,นายแบบ,จังหวัดราชบุรี,2552
พิไลพร ไตรบรรพ,เพศหญิง,31,ผู้จัดพิมพ์,จังหวัดนราธิวาส,1789
ธัชญา ถนัดการเขียน,เพศหญิง,45,นักเคลื่อนไหว,จังหวัดพิษณุโลก,3332
สุพัตรา ถนอมมนุษย์,เพศหญิง,25,นักวาดการ์ตูน,จังหวัดนราธิวาส,3883
บุญนพ นิลวรรณ,เพศชาย,34,นักแปล,จังหวัดขอนแก่น,706
ไชยภพ ธนประทีป,เพศชาย,24,นักสัตววิทยา,จังหวัดลำปาง,672
รอกีเย๊าะ เวียงจันทึก,เพศหญิง,31,ค้าขาย,จังหวัดกรุงเทพ,1101
จิตตานันท์ ตระกูลบุญ,เพศหญิง,64,นักแสดง,จังหวัดนครนายก,366
มลิวรรณ เพียยา,เพศหญิง,30,นักอนุรักษ์ธรรมชาติ,จังหวัดแม่ฮ่องสอน,3173
ตรีนุช นวลฉวี,เพศหญิง,22,นักสะสมศิลปะ,จังหวัดพะเยา,2761
ปาริตา ไชยภา,เพศหญิง,41,นางแบบ,จังหวัดแม่ฮ่องสอน,14863
ขอดิเยาะ นิติสาขา,เพศหญิง,35,นักดนตรี,จังหวัดลำพูน,1099
อเนชา แถมธน,เพศหญิง,46,นักประชาสัมพันธ์,จังหวัดแม่ฮ่องสอน,78
จุฑาภรณ์ นิลวิมล,เพศหญิง,27,ศิลปิน,จังหวัดจันทบุรี,3979
บุญพา บุตราช,เพศหญิง,25,นักสังคมวิทยา,จังหวัดน่าน,1680
อาฮามัด ดาวกระจาย,เพศชาย,35,นักสัตววิทยา,จังหวัดกาฬสินธุ์,3968
ณัฐญาดา สันตะวงศ์,เพศหญิง,26,ตำรวจ,จังหวัดอุตรดิตถ์,934
สันติราษฎร์ จันอ้น,เพศชาย,20,นักจัดรายการวิทยุ,จังหวัดปราจีนบุรี,4854
นาวีตา ฉิมพาลี,เพศหญิง,51,นักคณิตศาสตร์,จังหวัดสมุทรปราการ,12920
กันตวรรณ ขอหมั่นกลาง,เพศหญิง,21,นักบินอวกาศ,จังหวัดยโสธร,11508
นาตยา นิยมเซียม,เพศหญิง,46,นักออกแบบ,จังหวัดบุรีรัมย์,5652
ดิลก เนตร์มณี,เพศชาย,46,นักดนตรี,จังหวัดกระบี่,4225
ปิยนาฎ ซาซุม,เพศหญิง,28,คนขับรถแท็กซี่,จังหวัดตาก,7914
ธัญญกัญญา บุนยะศัพท์,เพศหญิง,29,นักสำรวจ,จังหวัดจันทบุรี,1908
เขมจิรา อุ่นอก,เพศหญิง,31,นักคณิตศาสตร์,จังหวัดหนองบัวลำภู,4221
ธีรลักษณ์ ถาวรรัตน,เพศชาย,39,นักสิทธิมนุษยชน,จังหวัดสกลนคร,13598
โสภา เตมิยะเดช,เพศหญิง,41,นักดนตรี,จังหวัดนนทบุรี,13550
กฤตเมธ ทับทิมไทย,เพศชาย,20,จิตรกร,จังหวัดกรุงเทพฯ,18
อนุบาล แหยมศิริ,เพศชาย,32,นักโบราณคดี,จังหวัดอุบลราชธานี,3479
ฮามีย๊ะ ถนอมกุลบุตร,เพศหญิง,35,โปรแกรมเมอร์,จังหวัดชุมพร,6259
มารุด นิลวรรณ,เพศชาย,22,เจ้าหน้าทีรักษาความปลอดภัย,จังหวัดแม่ฮ่องสอน,10570
พรพิไล บุตดา,เพศหญิง,32,นักหนังสือพิมพ์,จังหวัดยะลา,3204
วาร์มูฮำหมัด เณรานุสนธิ์,เพศชาย,37,นักประดิษฐ์,จังหวัดสุราษฎร์ธานี,5000
วรดาพร ถนอมมนุษย์,เพศหญิง,27,ทนายความ,จังหวัดสุพรรณบุรี,10354
อัญธิกา ดุริยพันธุ์,เพศหญิง,48,นักบวช,จังหวัดฉะเชิงเทรา,5290
รังสินี ทองปากน้ำ,เพศหญิง,39,เจ้าหน้าที่พัฒนาเอกชน,จังหวัดราชบุรี,547
พันเกล้า นิยมธรรม,เพศหญิง,28,นักการทูต,จังหวัดชลบุรี,10061
ภัคชนน บัวเผื่อน,เพศชาย,22,นักปรัชญา,จังหวัดสุรินทร์,8196
ศรินยา เดชวา,เพศหญิง,35,นักประวัติศาสตร์,จังหวัดกทม.,6068
พิชญ์สินี แน่นดุจป้อม,เพศหญิง,47,ผู้กำกับภาพยนตร์,จังหวัดประจวบคีรีขันธ์,4599
จด ทวนไชย์,เพศชาย,33,ทนายความ,จังหวัดสุพรรณบุรี,6560
ยุลิน บินดี,เพศหญิง,31,นักแปล,จังหวัดแม่ฮ่องสอน,148
ฐิติกุล ธรรมทินนา,เพศหญิง,39,คนขับรถแท็กซี่,จังหวัดระนอง,2712
ทวีวัฒน์ กุมารบุญ,เพศชาย,38,ตำรวจ,จังหวัดนราธิวาส,7749
เนติลักษณ์ ขอหมั่นกลาง,เพศชาย,32,นักเคลื่อนไหว,จังหวัดระนอง,528
ศิรณัฐ พงศ์ฉบับนภา,เพศชาย,29,นักสะสมศิลปะ,จังหวัดปราจีนบุรี,3171
ยอดแมน นาถะพินธุ,เพศชาย,22,จิตรกร,จังหวัดนครพนม,11892
รมิตา ธรรมเมธา,เพศหญิง,31,นักพจนานุกรม,จังหวัดสุพรรณบุรี,19080
ยุลิน แน่นดุจป้อม,เพศหญิง,26,นักเขียน,จังหวัดระยอง,1922
ธราวิทญ์ ถนัดอักษร,เพศชาย,38,นักพากย์,จังหวัดกำแพงเพชร,735
ธราวิทญ์ งามพิเชษฐ์,เพศชาย,37,นักออกแบบ,จังหวัดหนองบัวลำภู,21208
เมทนี บุญบำรุง,เพศหญิง,32,วีเจ,จังหวัดสมุทรปราการ,733
สุรนีย์ โพธิสัตย์,เพศหญิง,45,พิธีกร,จังหวัดสงขลา,3899
พรพิไล ทวนไชย์,เพศหญิง,22,นักบวช,จังหวัดเชียงราย,2745
สิรวัฒน์ ดิศดใน,เพศชาย,50,นักสะสมศิลปะ,จังหวัดสิงห์บุรี,2099
ประไพพักตร์ ธนูปกรณ์,เพศหญิง,25,นักแต่งเพลง,จังหวัดสมุทรปราการ,12115
นาทภูวพัฒน์ ดิศดใน,เพศชาย,39,เจ้าหน้าที่รัฐบาล,จังหวัดราชบุรี,13282
ทับทิม สันตะวงศ์,เพศหญิง,24,จ๊อกกี้,จังหวัดแม่ฮ่องสอน,260
อลิษา ทรัพย์ธำรงค์,เพศหญิง,44,นักโภชนาการ,จังหวัดระยอง,3338
สมเกียรติ ทองสีไพล,เพศชาย,26,นักเขียน,จังหวัดอุตรดิตถ์,4291
อัญพัชร์ สุวรรณหงษ์,เพศหญิง,42,บรรณารักษ์,จังหวัดอุบลราชธานี,381
โอภาส ไม้แดง,เพศชาย,26,เภสัชกร,จังหวัดราชบุรี,7573
วันฉัตร ถนัดกลึง,เพศชาย,32,นักประดิษฐ์,จังหวัดแม่ฮ่องสอน,3325
สุภาลินี หนักแน่น,เพศหญิง,30,นักถ่ายภาพ,จังหวัดลำปาง,1689
ชนิศา เวียงจันทึก,เพศหญิง,37,นักจัดรายการวิทยุ,จังหวัดชัยนาท,4220
วิพุธ บุญส่ง,เพศชาย,47,นักบินอวกาศ,จังหวัดสกลนคร,1621
สุปรานี ขอหมั่นกลาง,เพศหญิง,39,นักการกุศล,จังหวัดอ่างทอง,2794
อุลัยพร กุมารบุญ,เพศหญิง,28,นักโภชนาการ,จังหวัดร้อยเอ็ด,2635
ณัฐวรินทร ทหารแท้,เพศหญิง,22,นักภาษาศาสตร์,จังหวัดศรีสะเกษ,6486
วรปรัชญ์ ทับทิมไทย,เพศชาย,68,นักสำรวจ,จังหวัดมหาสารคาม,2250
ผกาทิพย์ นกทอง,เพศหญิง,23,นักแต่งเพลง,จังหวัดพิษณุโลก,5933
ธีริสรา พานเกล้า,เพศหญิง,21,สถาปนิก,จังหวัดพิษณุโลก,9863
ไชยภพ ไทนิยม,เพศชาย,24,นักสังคมวิทยา,จังหวัดสุราษฎร์ธานี,2570
ศิริเกศ ตัณสถิตย์,เพศหญิง,39,จ๊อกกี้,จังหวัดตราด,5792
อเนชา เตชะกำพุ,เพศหญิง,46,นักอนุรักษ์ธรรมชาติ,จังหวัดสระบุรี,15354
ประเดิม นุชแนวนุ่ม,เพศชาย,28,นักกฎหมาย,จังหวัดพะเยา,85
ประไพพักตร์ ธรรมเมธา,เพศหญิง,35,นักพากย์,จังหวัดกำแพงเพชร,1151
ธีรลักษณ์ นฤทุกข์,เพศชาย,20,นักภาษาศาสตร์,จังหวัดอ่างทอง,4945
จิตรลดา ถนิมมาศ,เพศหญิง,24,นักแปล,จังหวัดฉะเชิงเทรา,6008
พิศพรรณ นิลเสนา,เพศหญิง,48,ทนายความ,จังหวัดอำนาจเจริญ,11957
เจตธนากร นพตระกูล,เพศชาย,24,นักโบราณคดี,จังหวัดราชบุรี,13393
รังสินี พานเกล้า,เพศหญิง,22,นักประวัติศาสตร์,จังหวัดกทม.,6070
จิฬาภรณ์ ศรีสัตย์,เพศหญิง,35,นักประดิษฐ์,จังหวัดนครนายก,2581
ณัฐศักดิ์ แท่นทอง,เพศชาย,29,นักกีฬา,จังหวัดนครสวรรค์,6260
ณปภัช นำธวัช,เพศชาย,33,นักพจนานุกรม,จังหวัดภูเก็ต,1589
ปิ่นบุญญา ทวีเดช,เพศหญิง,26,นักการเมือง,จังหวัดกรุงเทพมหานคร,4315
จณิสตา พานเกล้า,เพศหญิง,33,บรรณาธิการ,จังหวัดชัยภูมิ,6034
โสภณิตา บุญญาภิรมย์,เพศหญิง,25,นักประวัติศาสตร์,จังหวัดตรัง,247
นรีกานต์ นรวิทย์โชติกุล,เพศหญิง,36,นักจิตวิทยา,จังหวัดกรุงเทพมหานคร,906
ภูวรา นิลสุวรรณ์,เพศชาย,34,อัยการ,จังหวัดสงขลา,1423
เรืองเกียรติ ทับทิมไทย,เพศชาย,31,นักการทูต,จังหวัดปัตตานี,2465
อันธิกา ธุวะนุติ์,เพศหญิง,34,แพทย์,จังหวัดกาฬสินธุ์,3701
รัฐพงษ์ ธรรมเมธา,เพศชาย,60,สถาปนิก,จังหวัดลำพูน,775
ประจิน ธนรักษ์,เพศหญิง,42,นักคณิตศาสตร์,จังหวัดบุรีรัมย์,16467
ปิยะนันท์ ทรัพย์ธำรงค์,เพศชาย,38,นักเคลื่อนไหว,จังหวัดสตูล,365
มาโนชญ์ ธรรมฤดี,เพศชาย,37,ทนายความ,จังหวัดนครพนม,816
ณิชาภัทร ศรีตะวัน,เพศหญิง,53,วีเจ,จังหวัดสมุทรสาคร,6181
ดวงจันทร์ ทันยุค,เพศหญิง,39,นักกฎหมาย,จังหวัดศรีสะเกษ,2912
กุลดิลก แนวพนิช,เพศชาย,32,นักถ่ายภาพ,จังหวัดบุรีรัมย์,3976
วิกิจ ถนัดรบ,เพศชาย,22,นักโภชนาการ,จังหวัดสมุทรปราการ,10061
ทองสิริ นิลสุวรรณ์,เพศหญิง,33,แพทย์,จังหวัดสมุทรสงคราม,3514
หลี นักรบ,เพศชาย,43,มัคคุเทศก์,จังหวัดนครปฐม,10623
ณัฐญาดา แหยมศิริ,เพศหญิง,41,นักประวัติศาสตร์,จังหวัดพิษณุโลก,10517
ปัญญาพร หอมสิน,เพศหญิง,36,นักกีฬา,จังหวัดกรุงเทพ,302
รวิวาน ทรัพย์ธำรงค์,เพศหญิง,24,อาจารย์,จังหวัดตรัง,6172
ศศิยา ตัณฑนุช,เพศหญิง,23,นักมายากล,จังหวัดเพชรบูรณ์,1716
รังสินี หอมพิกุล,เพศหญิง,34,นักอนุรักษ์ธรรมชาติ,จังหวัดนราธิวาส,17683
ดารุนี ไม้แดง,เพศหญิง,34,นักโภชนาการ,จังหวัดกทม.,3015
นพรัตน์ ดุริยพันธุ์,เพศหญิง,51,ผู้กำกับ,จังหวัดแม่ฮ่องสอน,6839
สิริกานต์ ตัณฑนุช,เพศหญิง,51,จ๊อกกี้,จังหวัดชัยภูมิ,5276
ปิยวดี ตันเผ่า,เพศหญิง,23,นักการศึกษา,จังหวัดตาก,16432
เทียมศักดิ์ นิละทัต,เพศชาย,25,นักสังคมวิทยา,จังหวัดประจวบคีรีขันธ์,18559
อารีย์ ศรีตะวัน,เพศหญิง,31,พิธีกร,จังหวัดชัยนาท,3139
สุพนธ์ ตวงทอง,เพศชาย,24,อาจารย์,จังหวัดเชียงใหม่,4220
คมกริบ น้ำทิพย์,เพศชาย,46,อาจารย์,จังหวัดสมุทรสงคราม,407
ปิยวัจน์ ประจันตะเสน,เพศชาย,23,นักบวช,จังหวัดเลย,7303
ศศิธร นานายน,เพศหญิง,27,เจ้าหน้าทีรักษาความปลอดภัย,จังหวัดนครสวรรค์,9754
ณัฐญาดา บุญศล,เพศหญิง,56,นักการเมือง,จังหวัดอุทัยธานี,7802
วรรณนิสา ทุมะบุตร์,เพศหญิง,40,นักถ่ายภาพ,จังหวัดปราจีนบุรี,1399
ปิยนาฎ ถนอมกุลบุตร,เพศหญิง,25,อาจารย์,จังหวัดหนองบัวลำภู,15455
พีระพงศ์พันธ์ เตมิยะเดช,เพศชาย,30,นักอนุรักษ์ธรรมชาติ,จังหวัดลพบุรี,2268
อาซือมะ ดาวกระจาย,เพศหญิง,27,อาจารย์,จังหวัดชลบุรี,6879
ฟิรยา ฉัตรอภิเที่ยงค่ำ,เพศหญิง,45,นักการกุศล,จังหวัดกำแพงเพชร,10169
ยศพงศ์ วุฑฒยากร,เพศชาย,46,นักสังคมศาสตร์,จังหวัดพัทลุง,1194
มาโนชญ์ บุญส่ง,เพศชาย,21,นักดนตรี,จังหวัดราชบุรี,4500
ปุณณรัตน์ ไทยสุชาต,เพศชาย,42,นักการเมือง,จังหวัดแพร่,2880
โชติวุฒิ ตราชู,เพศชาย,43,นักพากย์,จังหวัดชัยภูมิ,1646
อุษณีย์ ทัศนสุทธิ,เพศหญิง,21,อัยการ,จังหวัดพัทลุง,17157
วิทูลย์ นุชแนวนุ่ม,เพศชาย,21,นักกฎหมาย,จังหวัดกำแพงเพชร,8418
ณัฐศักดิ์ หิรัญสาลี,เพศชาย,25,นักอนุรักษ์ธรรมชาติ,จังหวัดนครพนม,14466
คมคาย สาระพันธ์,เพศหญิง,28,นักโบราณคดี,จังหวัดเพชรบูรณ์,5401
พรชีวิน วิลาสินี,เพศหญิง,43,นักประชาสัมพันธ์,จังหวัดหนองบัวลำภู,3212
อรจิรา วิลาสินี,เพศหญิง,31,นักชีววิทยา,จังหวัดเชียงใหม่,3436
ปิยะนันท์ ศรีเผด็จ,เพศชาย,28,นักหนังสือพิมพ์,จังหวัดเพชรบุรี,6315
วีระวัฒน์ ดุษฎีวนิช,เพศชาย,21,นักกฎหมาย,จังหวัดชลบุรี,3969
บุญเทียน เวียงจันทึก,เพศหญิง,29,นักจิตวิทยา,จังหวัดตราด,2932
เขมจิรา เจริญรัมย์,เพศหญิง,35,ผู้กำกับ,จังหวัดอำนาจเจริญ,324
ฮามีย๊ะ พานเกล้า,เพศหญิง,44,นักผจญภัย,จังหวัดอุดรธานี,976
คมคาย จันทา,เพศหญิง,28,นักคณิตศาสตร์,จังหวัดอำนาจเจริญ,83
พรเบญญา ถ้วนศรี,เพศหญิง,35,นักผจญภัย,จังหวัดยะลา,13406
สุภาพร ไชยภา,เพศหญิง,23,ทหารบก,จังหวัดลำพูน,186
ธมลพรรณ นิยมสำหรวจ,เพศหญิง,51,นักพจนานุกรม,จังหวัดกรุงเทพมหานคร,3950
กองสิน ตันยา,เพศหญิง,44,นักโบราณคดี,จังหวัดปราจีนบุรี,1966
นัฐพล ถนอมมนุษย์,เพศชาย,50,นักปรัชญา,จังหวัดกทม.,17881
สุพัตรา นฤภัย,เพศหญิง,30,นางแบบ,จังหวัดแม่ฮ่องสอน,13698
ไชยภพ พงศ์ฉบับนภา,เพศชาย,20,นักการกุศล,จังหวัดสตูล,4730
วรรณกร ดีตพันธุ์,เพศหญิง,27,จิตรกร,จังหวัดยโสธร,2989
ภูวฤณ เจริญรัมย์,เพศชาย,33,โฆษก,จังหวัดนครนายก,6364
โสภา ตัณฑนุช,เพศหญิง,36,คนขับรถแท็กซี่,จังหวัดพระนครศรีอยุธยา,5456
ศุภนุนาย นาฏคายี,เพศหญิง,20,นักพากย์,จังหวัดเพชรบูรณ์,9106
อาซือมะ ยางสวย,เพศหญิง,31,บรรณารักษ์,จังหวัดปัตตานี,2104
ทับทิม วุฑฒยากร,เพศหญิง,28,ผู้กำกับ,จังหวัดตราด,19916
ณัฐพิชา เลิศกิ่ง,เพศหญิง,38,นักเขียน,จังหวัดปทุมธานี,5072
พงษ์นเรศ ประจันตะเสน,เพศชาย,45,นักการเมือง,จังหวัดอำนาจเจริญ,2621
ศภัคชคง บุตดา,เพศชาย,27,ช่างทำเครื่องดนตรี,จังหวัดกาญจนบุรี,10302
ฟารินี แจ้งสว่าง,เพศหญิง,21,นักอนุรักษ์ธรรมชาติ,จังหวัดนครศรีธรรมราช,3841
ณัฐญาดา ถนอมมนุษย์,เพศหญิง,38,เจ้าหน้าที่พัฒนาเอกชน,จังหวัดลำปาง,4878
วรรณชนะชัย นาคะนคร,เพศชาย,41,นักสำรวจ,จังหวัดเชียงใหม่,297
อาแอเสาะ นากกนก,เพศหญิง,39,นักสะสมศิลปะ,จังหวัดแพร่,2365
อดิสรณ์ นิลวิมล,เพศชาย,53,พิธีกร,จังหวัดหนองบัวลำภู,1988
เทอดศักดิ์ ดวงทับทิม,เพศชาย,36,นักบิน,จังหวัดปทุมธานี,14781
ภารวี ศรีธนะเวทย์,เพศหญิง,45,นักแสดง,จังหวัดกรุงเทพมหานคร,6118
สิราพร เณรานุสนธิ์,เพศหญิง,60,เกษตรกร,จังหวัดศรีสะเกษ,1813
จิตตานันท์ ธีวร,เพศหญิง,22,มัคคุเทศก์,จังหวัดชลบุรี,11704
คมคาย ซาซุม,เพศหญิง,24,นักโภชนาการ,จังหวัดตรัง,1250
พันเกล้า นครเทพ,เพศหญิง,27,นักประวัติศาสตร์,จังหวัดนนทบุรี,9732
อณัฐตา ถาวรายุศม์,เพศหญิง,41,บรรณารักษ์,จังหวัดพังงา,14297
อเนชา หิรัญสาลี,เพศหญิง,37,นักเศรษฐศาสตร์,จังหวัดชัยนาท,7
ศุภาศิล บุญบำรุง,เพศชาย,27,นักเศรษฐศาสตร์,จังหวัดยโสธร,8473
บุญญามี บุญบำรุง,เพศชาย,56,นักบวช,จังหวัดยะลา,341
พรพิไล ถาวระวรณ์,เพศหญิง,67,นักสิทธิมนุษยชน,จังหวัดลำพูน,2063
ณิชาภัทร เนื้อนุ่ม,เพศหญิง,29,เกษตรกร,จังหวัดนนทบุรี,4403
อรจิรา เลขะพันธุ์,เพศหญิง,20,นักสังคมสงเคราะห์,จังหวัดลำปาง,5333
นพรัตน์ ศรีตะวัน,เพศหญิง,24,นักโบราณคดี,จังหวัดสิงห์บุรี,102
นาทภูวพัฒน์ ถนิมมาศ,เพศชาย,56,นักประวัติศาสตร์,จังหวัดสุพรรณบุรี,15988
พิมพ์พิชญา นวลเพ็ง,เพศหญิง,33,นักสำรวจ,จังหวัดสุพรรณบุรี,681
นายเฉลิมรัตน์ ไทนิยม,เพศชาย,33,นักออกแบบ,จังหวัดสมุทรสาคร,9222
เฉลิมพล หอมสิน,เพศชาย,24,นักสืบ,จังหวัดกทม.,12359
ซูรัยดา ชำนาญวาด,เพศหญิง,27,สถาปนิก,จังหวัดพะเยา,10036
ไชยภพ สังข์กรด,เพศชาย,28,ผู้กำกับ,จังหวัดตรัง,5158
กะดิรัตน์ ศาสตร์ศิลป์,เพศหญิง,56,จิตรกร,จังหวัดชลบุรี,1718
พันธุ์เทพ ศรีวงค์,เพศชาย,47,นักจิตวิทยา,จังหวัดอุตรดิตถ์,5672
วสิตา เขียวขุ้ย,เพศหญิง,41,นักมายากล,จังหวัดกรุงเทพฯ,3319
ฉัตรปรียา บุนยะตีรณะ,เพศหญิง,22,นักภาษาศาสตร์,จังหวัดพะเยา,6291
ภัทราวุธ นาถะพินธุ,เพศหญิง,27,นักแปล,จังหวัดกาญจนบุรี,10955
นพรัตน์ แก้วชลคราม,เพศหญิง,31,เภสัชกร,จังหวัดนนทบุรี,1579
สมใจ ทศโยธิน,เพศหญิง,25,นักคณิตศาสตร์,จังหวัดยโสธร,3531
บุญทิวา ถนัดรักษา,เพศหญิง,54,นักแต่งเพลง,จังหวัดสมุทรปราการ,2740
หฤทัย ธรรมนิยม,เพศหญิง,24,กวี,จังหวัดนครพนม,1068
ณัฐศักดิ์ ถนัดรบ,เพศชาย,27,นักจัดรายการวิทยุ,จังหวัดนนทบุรี,2963
จินต์จุฑา ธูปหอม,เพศหญิง,23,นักโบราณคดี,จังหวัดพะเยา,803
อัญธิกา นิษประปัญจ์,เพศหญิง,37,ช่างทำเครื่องดนตรี,จังหวัดหนองคาย,3467
รอกีเย๊าะ อุ่นอก,เพศหญิง,36,นักจิตวิทยา,จังหวัดมุกดาหาร,2184
สีหราช บุญส่ง,เพศชาย,21,เจ้าหน้าที่รัฐบาล,จังหวัดปทุมธานี,154
ชัฎชา ตวงทอง,เพศหญิง,50,นักเศรษฐศาสตร์,จังหวัดแพร่,4522
อรจิรา พรรษาสกุล,เพศหญิง,30,นักมายากล,จังหวัดกาฬสินธุ์,2701
วณัฐดา โพธิสัตย์,เพศหญิง,21,นักแต่งเพลง,จังหวัดกทม.,1930
ทัตธน มิ่งขวัญ,เพศชาย,62,นักการกุศล,จังหวัดสุพรรณบุรี,3298
ปิยบุตร นวลฉวี,เพศชาย,25,นักเขียน,จังหวัดยโสธร,7168
จิรวิทย์ ธนูปกรณ์,เพศชาย,26,นักเศรษฐศาสตร์,จังหวัดสุโขทัย,3002
สิริรัตน์ ราชมณี,เพศชาย,36,นักถ่ายภาพ,จังหวัดสมุทรสงคราม,5582
อาซือมะ นิลวิมล,เพศหญิง,30,นักประวัติศาสตร์,จังหวัดสมุทรสาคร,4855
วรปรัชญ์ ทวนไชย์,เพศชาย,39,นักสะสมศิลปะ,จังหวัดระยอง,9167
ประจิน เธียรายัน,เพศหญิง,25,เจ้าหน้าทีรักษาความปลอดภัย,จังหวัดพัทลุง,2408
นายศดิศ ถนอมมนุษย์,เพศชาย,42,ผู้กำกับภาพยนตร์,จังหวัดประจวบคีรีขันธ์,5751
สันติราษฎร์ ธีวร,เพศชาย,27,นักจัดรายการวิทยุ,จังหวัดเชียงใหม่,1607
หล้า ไชยภา,เพศชาย,35,นักแปล,จังหวัดสุพรรณบุรี,12930
จักรีรัตน์ แถมธน,เพศหญิง,47,นักจิตวิทยา,จังหวัดพะเยา,72
อรุณี พรมอ่อน,เพศหญิง,31,นักพจนานุกรม,จังหวัดนครปฐม,18895
จริยฉัตร โพธิสัตย์,เพศหญิง,21,นักการกุศล,จังหวัดสระแก้ว,4245
ตรีนุช ธูปหอม,เพศหญิง,27,นักการทูต,จังหวัดขอนแก่น,4711
อนุวัช ทวนทอง,เพศชาย,28,เจ้าหน้าที่พัฒนาเอกชน,จังหวัดเชียงราย,3087
ธวัศชา ธนประทีป,เพศชาย,22,นักสัตววิทยา,จังหวัดอุบลราชธานี,1811
เด็กหญิงพาสุข ตระกูลบุญ,เพศหญิง,48,เจ้าหน้าที่พัฒนาเอกชน,จังหวัดกรุงเทพมหานคร,7582
อัษฏา คณานุรักษ์,เพศชาย,38,นักสัตววิทยา,จังหวัดแม่ฮ่องสอน,5046
สีหราช ถมปัด,เพศชาย,26,ภัณฑารักษ์,จังหวัดกรุงเทพฯ,613
คมคาย พรรษาสกุล,เพศหญิง,37,นักพจนานุกรม,จังหวัดปัตตานี,1692
น้ำเพชร นาคะนคร,เพศหญิง,46,นักการกุศล,จังหวัดตาก,14908
ผดุงชาติ นพคเชนทร์,เพศชาย,34,โปรแกรมเมอร์,จังหวัดพังงา,21
ณัฐพิชา ไทยสุชาต,เพศหญิง,53,นักวิทยาศาสตร์,จังหวัดอุดรธานี,7660
จักรีรัตน์ เจริญรัมย์,เพศหญิง,26,นักสำรวจ,จังหวัดสมุทรปราการ,1062
ปิยวดี นิยมสำหรวจ,เพศหญิง,50,นักดาราศาสตร์,จังหวัดพัทลุง,9895
นันทวรรณ ถาวระวรณ์,เพศหญิง,31,จิตรกร,จังหวัดอุตรดิตถ์,3329
นพรัตน์ ดัตพันธุ์,เพศหญิง,29,อาจารย์,จังหวัดกาฬสินธุ์,8945
เอนกพงศ์ แจ้งสว่าง,เพศชาย,32,นักโบราณคดี,จังหวัดสงขลา,20897
นัสรุน นับเนื่องนอ,เพศชาย,26,นักพากย์,จังหวัดพิจิตร,8588
อุลัยพร ตวันเยี่ยม,เพศหญิง,56,นักดนตรี,จังหวัดนนทบุรี,6848
นิติยา นพคเชนทร์,เพศหญิง,35,บรรณาธิการ,จังหวัดสุรินทร์,11117
นราวรรณ ทรัพย์ธำรงค์,เพศหญิง,28,เจ้าหน้าที่พัฒนาเอกชน,จังหวัดนครปฐม,2689
พุทธิพงษ์ บัวเผื่อน,เพศชาย,41,เจ้าหน้าที่รัฐบาล,จังหวัดกำแพงเพชร,2376
วาสุเทพ ศรีเผด็จ,เพศชาย,37,สถาปนิก,จังหวัดชุมพร,5722
ฮามีย๊ะ ซูสารอ,เพศหญิง,29,นักสิทธิมนุษยชน,จังหวัดกรุงเทพมหานคร,1596
ณิชาภัทร มนทอง,เพศหญิง,54,นักดาราศาสตร์,จังหวัดร้อยเอ็ด,166
ปัญญาพร ทหารแท้,เพศหญิง,61,ผู้กำกับ,จังหวัดพะเยา,5703
พิชญ์สินี ร่มธิติรัตน์,เพศหญิง,25,จิตรกร,จังหวัดกรุงเทพ,1857
ธัชญา เตมิยะเดช,เพศหญิง,34,บรรณารักษ์,จังหวัดหนองคาย,2249
สัญชาน ตรีครุธพันธุ์,เพศชาย,35,นักกีฬา,จังหวัดพิจิตร,2218
ฐิติยาพร แน่นดุจป้อม,เพศหญิง,26,นักเคลื่อนไหว,จังหวัดสุโขทัย,16938
ปัณณธร หิรัญสาลี,เพศหญิง,24,นักวาดการ์ตูน,จังหวัดกทม.,10128
วีร์สุดา ธูปหอม,เพศหญิง,40,วิศวกร,จังหวัดกระบี่,1285
กิติยาธรณ์ ยางสวย,เพศหญิง,30,นักบวช,จังหวัดนนทบุรี,11020
วรรณกร ทวีเดช,เพศหญิง,43,นักปรัชญา,จังหวัดหนองบัวลำภู,6597
คำ ดาวอร่าม,เพศหญิง,20,นักประดิษฐ์,จังหวัดร้อยเอ็ด,2056
ราชพฤกษ์ ขันธุลา,เพศชาย,36,นักสัตววิทยา,จังหวัดขอนแก่น,12680
ดวงสมร ศรทอง,เพศหญิง,38,บรรณารักษ์,จังหวัดสุรินทร์,4614
พิมพ์ประภา เธียรายัน,เพศหญิง,27,นักสังคมวิทยา,จังหวัดเชียงใหม่,2323
พิศพรรณ พานเกล้า,เพศหญิง,28,บรรณาธิการ,จังหวัดกรุงเทพมหานคร,13092
ฐิติกุล ธีวร,เพศหญิง,32,ศิลปิน,จังหวัดปัตตานี,6280
ธัชญา ตัณฑนุช,เพศหญิง,23,ค้าขาย,จังหวัดจันทบุรี,3371
สุภัทริดา เวียงจันทึก,เพศหญิง,45,ภัณฑารักษ์,จังหวัดพิษณุโลก,3156
เอกวิทย์ ปรีชากุลเศรษฐ์,เพศชาย,39,นักสัตววิทยา,จังหวัดประจวบคีรีขันธ์,9025
เกศรา ธนูปกรณ์,เพศหญิง,44,นักอนุรักษ์ธรรมชาติ,จังหวัดกรุงเทพฯ,1290
สหัสมณี สันตะวงศ์,เพศหญิง,58,นักสะสมศิลปะ,จังหวัดประจวบคีรีขันธ์,4805
ทินวัฒน์ พรมอ่อน,เพศชาย,25,นักการกุศล,จังหวัดปราจีนบุรี,9372
วัลยา ศรีเผด็จ,เพศหญิง,28,คนขับรถแท็กซี่,จังหวัดอำนาจเจริญ,5365
จีราภรณ์ หิรัญสาลี,เพศหญิง,45,นักสังคมวิทยา,จังหวัดศรีสะเกษ,18527
รักชนก สงประเสริฐ,เพศหญิง,25,นักแสดง,จังหวัดกรุงเทพฯ,297
พรปราณี ดาวกระจาย,เพศหญิง,31,นักสัตววิทยา,จังหวัดตาก,2131
เกียรติศักดิ์ ดาวอร่าม,เพศชาย,37,เภสัชกร,จังหวัดนครราชสีมา,845
วรรณรัตน์ ด้วงโสน,เพศหญิง,20,นางแบบ,จังหวัดตรัง,2846
เขมจิรา พรสีมา,เพศหญิง,37,นักเขียน,จังหวัดสตูล,2547
ทินวัฒน์ ทรัพย์ธำรงค์,เพศชาย,31,นักประวัติศาสตร์,จังหวัดสุพรรณบุรี,2868
ผดุงพล ถนัดรบ,เพศชาย,26,เจ้าหน้าทีรักษาความปลอดภัย,จังหวัดกำแพงเพชร,9395
ฌาฆีภัตฐ์ นำธวัช,เพศชาย,36,นักสังคมวิทยา,จังหวัดเลย,1920
ศศิธร นาถะพินธุ,เพศหญิง,47,พิธีกร,จังหวัดสุรินทร์,1302
นราวรรณ ตราชู,เพศหญิง,40,แพทย์,จังหวัดสมุทรปราการ,3503
ขวัญรุ้ง ไม้แดง,เพศชาย,30,นักสิทธิมนุษยชน,จังหวัดพังงา,8836
ปภาวรินทร์ ตันยา,เพศหญิง,24,นักหนังสือพิมพ์,จังหวัดสุรินทร์,3669
อลิษา ดัตพันธุ์,เพศหญิง,38,จ๊อกกี้,จังหวัดกรุงเทพ,2517
ปัญญาพร นฤทุกข์,เพศหญิง,58,นักชีววิทยา,จังหวัดสตูล,728
พลานุช ทวนไชย์,เพศหญิง,26,นักภาษาศาสตร์,จังหวัดอุทัยธานี,9910
ศิรณัฐ นวลเพ็ง,เพศชาย,28,คนขับรถแท็กซี่,จังหวัดน่าน,12637
ด.ญ.รังสินี ตวงทอง,เพศหญิง,29,ทนายความ,จังหวัดสุรินทร์,822
เอนกพงศ์ ธีวร,เพศชาย,51,นักแต่งเพลง,จังหวัดมหาสารคาม,121
ฮาฟิต ด้วงโสน,เพศชาย,31,พิธีกร,จังหวัดศรีสะเกษ,4335
มาโนชญ์ ไชยภา,เพศชาย,55,โปรแกรมเมอร์,จังหวัดสมุทรสงคราม,8097
รังสินี ทรัพย์ธำรงค์,เพศหญิง,29,นักหนังสือพิมพ์,จังหวัดน่าน,6010
อัญธิกา ทองสินธุ์,เพศหญิง,30,นักถ่ายภาพ,จังหวัดสมุทรสาคร,3329
อัญชัญ ผลบุญ,เพศหญิง,41,นักวาดการ์ตูน,จังหวัดตาก,2530
ทิมาภรณ์ ธรรมเมธา,เพศหญิง,46,นักปรัชญา,จังหวัดหนองบัวลำภู,1114
วันชนก ยาปะโลหิต,เพศหญิง,35,นักสิทธิมนุษยชน,จังหวัดกาญจนบุรี,5331
ศภัคชคง ถนัดการเขียน,เพศชาย,39,วิศวกร,จังหวัดชัยนาท,2901
วรรณรัตน์ ถนอมพล,เพศหญิง,45,นักเคลื่อนไหว,จังหวัดบุรีรัมย์,7353
ภานิณี ธัญาโภชน์,เพศหญิง,61,นักมายากล,จังหวัดภูเก็ต,3859
มาสิตะ ศรีสัตย์,เพศหญิง,21,นักประวัติศาสตร์,จังหวัดสุพรรณบุรี,1071
สุภาพร ยาปะโลหิต,เพศหญิง,31,นักแสดง,จังหวัดชลบุรี,4455
ณัฐธิตา แก้วอยู่,เพศหญิง,27,วิศวกร,จังหวัดแพร่,633
สิทธัญ ธุวะนุติ์,เพศชาย,33,นักสืบ,จังหวัดพิษณุโลก,18768
กิติยาธรณ์ ถนัดกลึง,เพศหญิง,34,นางแบบ,จังหวัดนครนายก,8371
บุญนพ นิลสุวรรณ์,เพศชาย,33,นักโภชนาการ,จังหวัดอุบลราชธานี,2392
ณิชาภัทร ขุนดำ,เพศหญิง,31,วีเจ,จังหวัดนครสวรรค์,15515
นายภาสวุฒิ นะวะมันดร,เพศชาย,31,นักสังคมสงเคราะห์,จังหวัดนครพนม,6705
ไชยภพ นิละทัต,เพศชาย,45,ผู้กำกับละครโทรทัศน์,จังหวัดยะลา,9210
นันทวรรณ ตราชู,เพศหญิง,28,ข้าราชการ,จังหวัดสมุทรปราการ,788
อารีย์ ธรรมเมธา,เพศหญิง,46,นักมายากล,จังหวัดสมุทรสาคร,5932
จันทนา วะคีมัน,เพศหญิง,25,ค้าขาย,จังหวัดแพร่,2597
พชรภรณ์ ตั้งเผ่า,เพศหญิง,42,วิศวกร,จังหวัดบุรีรัมย์,1264
อำพร นุ่มกัน,เพศหญิง,23,นักคณิตศาสตร์,จังหวัดเลย,6003
จรรยพร เขียวอ่อน,เพศหญิง,21,เจ้าหน้าที่รัฐบาล,จังหวัดกรุงเทพฯ,3791
ใกล้รุ่ง นิยมเซียม,เพศหญิง,28,นักการศึกษา,จังหวัดตาก,9869
จินต์จุฑา ดาบเงิน,เพศหญิง,20,ทหารบก,จังหวัดอ่างทอง,8100
รูไกยะฮ์ เขียวขุ้ย,เพศหญิง,29,นักการเมือง,จังหวัดกระบี่,13645
ตอฮา งามพิเชษฐ์,เพศชาย,48,นักวาดการ์ตูน,จังหวัดปทุมธานี,19942
วิเชียร ยาปะโลหิต,เพศหญิง,29,ตำรวจ,จังหวัดกรุงเทพมหานคร,18260
วิรชัย นิติสาขา,เพศชาย,31,นักเขียน,จังหวัดนนทบุรี,4730
ธีรวัช ตั้งเผ่า,เพศชาย,38,เกษตรกร,จังหวัดหนองคาย,266
มารีนี ถนัดรักษา,เพศหญิง,24,อัยการ,จังหวัดสมุทรสงคราม,9084
พลานุช ถนัดรักษา,เพศหญิง,28,นักคณิตศาสตร์,จังหวัดกระบี่,903
สุพัตร แจ้งสว่าง,เพศหญิง,42,กวี,จังหวัดมหาสารคาม,5317
ปภาวรินทร์ ทัศนสุทธิ,เพศหญิง,47,นักออกแบบ,จังหวัดนครพนม,3156
ปรายกานต์ ทวนไชย์,เพศชาย,23,นักประวัติศาสตร์,จังหวัดอุดรธานี,5966
หลักทรัพย์ นิลสลัว,เพศชาย,41,นักสำรวจ,จังหวัดกรุงเทพ,1377
ใจกลาง ไทยแท้,เพศชาย,45,นักวิจัย,จังหวัดตรัง,4285
อธิวัตร นวลฉวี,เพศชาย,28,นักสิทธิมนุษยชน,จังหวัดนนทบุรี,284
เทพนารี ฉัตรอภิเที่ยงค่ำ,เพศหญิง,58,นักวิทยาศาสตร์,จังหวัดระนอง,1494
ภูวิช ธูปะวิโรจน์,เพศชาย,35,ทนายความ,จังหวัดอำนาจเจริญ,19259
ฮาฟิต ทศโยธิน,เพศชาย,58,ผู้จัดพิมพ์,จังหวัดน่าน,1097
อธิตยา โพธิสัตย์,เพศหญิง,37,นักปรัชญา,จังหวัดอุตรดิตถ์,12101
นิรุตต์ คณานุรักษ์,เพศชาย,35,นักโบราณคดี,จังหวัดระยอง,1733
ยุภา ถนอมพลกรัง,เพศหญิง,33,วิศวกร,จังหวัดฉะเชิงเทรา,5371
นันทวุฒิ แท่นทอง,เพศชาย,20,ตำรวจ,จังหวัดกาฬสินธุ์,4138
ฮามีย๊ะ แก้วอยู่,เพศหญิง,38,นักโภชนาการ,จังหวัดสิงห์บุรี,10658
ฐิติยาพร ตันยา,เพศหญิง,65,ข้าราชการ,จังหวัดสุราษฎร์ธานี,426
ประจิน ถะเกิงชศ,เพศหญิง,41,นักพากย์,จังหวัดสมุทรปราการ,4576
จีรยุทธ ทรัพย์สาร,เพศชาย,45,ค้าขาย,จังหวัดบุรีรัมย์,11296
กิ่งแก้ว ทองแท้,เพศหญิง,25,นักสังคมวิทยา,จังหวัดชัยนาท,6995
กษิดิฐ นิลวรรณ,เพศชาย,56,นักสำรวจ,จังหวัดอุทัยธานี,967
นิมุ กุมารบุญ,เพศชาย,37,นักบวช,จังหวัดบุรีรัมย์,1910
อาฮามัด นิละทัต,เพศชาย,36,โปรแกรมเมอร์,จังหวัดเชียงใหม่,8674
เพชรมณี เยาวธนโชค,เพศหญิง,34,นักการทูต,จังหวัดภูเก็ต,3502
อินทรีย์ ธูปะวิโรจน์,เพศชาย,25,โปรแกรมเมอร์,จังหวัดอ่างทอง,6320
ศิริญา ธีวร,เพศหญิง,46,นักสังคมสงเคราะห์,จังหวัดอำนาจเจริญ,541
รอกีเย๊าะ เลขะพันธุ์,เพศหญิง,20,จ๊อกกี้,จังหวัดสระแก้ว,1019
ยุภา เพียยา,เพศหญิง,29,นักอนุรักษ์ธรรมชาติ,จังหวัดขอนแก่น,3024
นิรุตต์ วุฑฒยากร,เพศชาย,59,ศิลปิน,จังหวัดมหาสารคาม,5900
ธารา ธรรมสถิตไพศาล,เพศชาย,28,นักผจญภัย,จังหวัดฉะเชิงเทรา,6672
ภูวิช เดชคุ้ม,เพศชาย,25,นักสำรวจ,จังหวัดบุรีรัมย์,4895
ฮาฟิต ถนอมพลกรัง,เพศชาย,39,นักการศึกษา,จังหวัดร้อยเอ็ด,6242
สราญจิตต์ ด้วงโสน,เพศหญิง,38,คนขับรถแท็กซี่,จังหวัดกาฬสินธุ์,2989
เอกวิทย์ ทวนทอง,เพศชาย,57,นักโบราณคดี,จังหวัดแม่ฮ่องสอน,4886
อุลัยพร ถ้วนศรี,เพศหญิง,26,บรรณารักษ์,จังหวัดชัยภูมิ,421
นราวรรณ นาควงษ์,เพศหญิง,45,นักอนุรักษ์ธรรมชาติ,จังหวัดสระแก้ว,1138
วรรณกร ทำประดู่,เพศหญิง,34,แพทย์,จังหวัดลำพูน,809
วาร์มูฮำหมัด สันตะวงศ์,เพศชาย,30,นักประดิษฐ์,จังหวัดสุราษฎร์ธานี,2546
พรชนก ตัณสถิตย์,เพศหญิง,51,แพทย์,จังหวัดอำนาจเจริญ,909
สิริ ทวนทอง,เพศหญิง,30,ผู้กำกับภาพยนตร์,จังหวัดสุรินทร์,3749
นุจรี โพธิสัตย์,เพศหญิง,22,นักผจญภัย,จังหวัดปัตตานี,1916
ฟิรยา บุญส่ง,เพศหญิง,58,นักพจนานุกรม,จังหวัดสงขลา,6311
มารีนี ธนูปกรณ์,เพศหญิง,40,นักปรัชญา,จังหวัดนครราชสีมา,12714
พิมพกานต์ ทรัพย์ธำรงค์,เพศหญิง,24,นักภาษาศาสตร์,จังหวัดนครพนม,6180
ณิชาภัทร ธรรมฤดี,เพศหญิง,41,นักมายากล,จังหวัดแพร่,5447
อธิวัตร เนื้อนุ่ม,เพศชาย,26,นักสังคมสงเคราะห์,จังหวัดสมุทรปราการ,12924
สุธินันท์ ศรีสัตย์,เพศหญิง,34,นักดาราศาสตร์,จังหวัดร้อยเอ็ด,3270
สุรนีย์ ฉายแสง,เพศหญิง,20,เจ้าหน้าที่รัฐบาล,จังหวัดขอนแก่น,4399
ฉลองชัย เนื่องนนท์,เพศชาย,37,อาจารย์,จังหวัดพังงา,2804
ปภาวรินทร์ วุฑฒยากร,เพศหญิง,28,ภัณฑารักษ์,จังหวัดสงขลา,9029
เอนกพงศ์ นวลฉวี,เพศชาย,31,นักกีฬา,จังหวัดสระแก้ว,12697
จิตตานันท์ นิษประปัญจ์,เพศหญิง,31,นักสำรวจ,จังหวัดอำนาจเจริญ,1570
บุญพา ไตรบรรพ,เพศหญิง,40,ศิลปิน,จังหวัดสมุทรสาคร,11910
ศจีกาญจน์ ศรทอง,เพศหญิง,49,ข้าราชการ,จังหวัดพัทลุง,1381
ณภัทร ตระกูลไม้เรียง,เพศหญิง,27,นักหนังสือพิมพ์,จังหวัดปทุมธานี,12201
ธมลพรรณ ธาราธร,เพศหญิง,41,ผู้กำกับละครโทรทัศน์,จังหวัดพิษณุโลก,1810
กิติยาธรณ์ ธีวร,เพศหญิง,40,ผู้จัดพิมพ์,จังหวัดสมุทรสาคร,4317
นิรันดร์ ทัศนสุทธิ,เพศชาย,31,ศิลปิน,จังหวัดกระบี่,12240
มลิวรรณ ดีตพันธุ์,เพศหญิง,20,ข้าราชการ,จังหวัดสกลนคร,17368
รชตกร โพธิสัตย์,เพศชาย,22,นักออกแบบ,จังหวัดอุดรธานี,1772
สโรชา นุ่มกัน,เพศหญิง,24,นักคณิตศาสตร์,จังหวัดหนองคาย,563
จักรกฤนาย ดิศดใน,เพศชาย,40,นักเขียน,จังหวัดยโสธร,857
เฉลิมรัฐ นุตตาร,เพศชาย,47,กวี,จังหวัดนครสวรรค์,1561
น.ส.เพชรมณี ศรีสัตย์,เพศหญิง,35,เภสัชกร,จังหวัดเชียงราย,13086
สุพัตร ถนัดภาษา,เพศหญิง,21,เจ้าหน้าทีรักษาความปลอดภัย,จังหวัดอุทัยธานี,6547
อุดมลักษณ์ ถนัดพิมพการ,เพศหญิง,59,เภสัชกร,จังหวัดกาญจนบุรี,3192
ธีรวัช ถนอมพลกรัง,เพศชาย,20,เกษตรกร,จังหวัดสมุทรปราการ,5294
ศิรินันท์ ยะผา,เพศหญิง,35,นักแสดง,จังหวัดศรีสะเกษ,8489
ศจีกาญจน์ ทองสีไพล,เพศหญิง,26,นักจัดรายการวิทยุ,จังหวัดนครศรีธรรมราช,3361
ศภัคชคง ถนอมกุลบุตร,เพศชาย,21,จ๊อกกี้,จังหวัดชุมพร,764
ปรมินทร์ ศิวะวรเวท,เพศชาย,48,นักจิตวิทยา,จังหวัดกำแพงเพชร,2470
วีระวัฒน์ ดาวกระจาย,เพศชาย,63,นักมายากล,จังหวัดชลบุรี,812
เกษมชัย ธรรมสถิตไพศาล,เพศชาย,60,นักประดิษฐ์,จังหวัดนราธิวาส,6805
ณิชาภัทร ยาปะโลหิต,เพศหญิง,34,ผู้จัดพิมพ์,จังหวัดสมุทรสาคร,12341
พิมพกานต์ อัตตนาถ,เพศหญิง,32,สถาปนิก,จังหวัดกาญจนบุรี,1257
อภิลักษณ์ ตรีเภรินทร์,เพศชาย,20,นักเคลื่อนไหว,จังหวัดกำแพงเพชร,515
อันธิกา อุ่นอก,เพศหญิง,46,นักสำรวจ,จังหวัดระนอง,5020
ณัฐธภรณ์ เวียงจันทึก,เพศหญิง,25,นักสังคมสงเคราะห์,จังหวัดน่าน,5935
กุลเชษฐ ธรรมทินนา,เพศชาย,45,นักการกุศล,จังหวัดนครศรีธรรมราช,974
อธิตยา ถุงเงิน,เพศหญิง,32,ทหารบก,จังหวัดพิจิตร,20083
คณภรณ์ ไม้แดง,เพศหญิง,29,ค้าขาย,จังหวัดแม่ฮ่องสอน,16130
วนาลี อัตตนาถ,เพศหญิง,28,นักโบราณคดี,จังหวัดหนองคาย,2302
นัสรุน หิรัญสาลี,เพศชาย,50,นักมายากล,จังหวัดสระบุรี,361
ณปภัช อุ่นอก,เพศชาย,37,นักประวัติศาสตร์,จังหวัดพะเยา,3058
อุษณีย์ ไตรบรรพ,เพศหญิง,41,ผู้กำกับละครโทรทัศน์,จังหวัดนนทบุรี,7056
ทัตธน นวลเพ็ง,เพศชาย,33,นักแต่งเพลง,จังหวัดสุโขทัย,2918
เทียมศักดิ์ ถนัดรักษา,เพศชาย,58,นักวิทยาศาสตร์,จังหวัดกำแพงเพชร,11797
ณภัทร ตัณฑนุช,เพศหญิง,29,นักดาราศาสตร์,จังหวัดยะลา,3221
วิสาร บินดี,เพศชาย,23,นักโภชนาการ,จังหวัดหนองบัวลำภู,1184
สุพัตรา ศรีธนะเวทย์,เพศหญิง,47,อาจารย์,จังหวัดบึงกาฬ,13605
พิไลพร ไทนิยม,เพศหญิง,55,อัยการ,จังหวัดระยอง,3018
บุญญามี ถนิมมาศ,เพศชาย,36,นักวิทยาศาสตร์,จังหวัดเชียงใหม่,10414
ชัฎชา ธนประทีป,เพศหญิง,47,ผู้กำกับ,จังหวัดอุทัยธานี,14059
วรรณรัตน์ ศิวะวรเวท,เพศหญิง,49,นักวิทยาศาสตร์,จังหวัดระยอง,3523
อมัด สาระพันธ์,เพศชาย,29,มัคคุเทศก์,จังหวัดกำแพงเพชร,1227
ลัดดา บุตดา,เพศหญิง,28,นักคณิตศาสตร์,จังหวัดพิจิตร,5023
ณิชนันท์ ศรีอุ่น,เพศหญิง,48,นักหนังสือพิมพ์,จังหวัดมุกดาหาร,347
บุญทิวา ยาปะโลหิต,เพศหญิง,23,นักปรัชญา,จังหวัดนครราชสีมา,2858
อำไพ เจริญรัมย์,เพศหญิง,47,นักพจนานุกรม,จังหวัดมหาสารคาม,18615
เสรี แน่นดุจป้อม,เพศชาย,41,นักประชาสัมพันธ์,จังหวัดกรุงเทพ,3508
เขียว ทรงโกมล,เพศชาย,51,ผู้กำกับ,จังหวัดลำปาง,1361
พัสวี ถนัดเดินข่าว,เพศหญิง,23,นักการศึกษา,จังหวัดนครพนม,1472
อำพร ถนัดรักษา,เพศหญิง,21,นักพากย์,จังหวัดสกลนคร,710
แกมแพร ศรีอุ่น,เพศหญิง,48,ผู้กำกับ,จังหวัดเพชรบูรณ์,943
ซูรัยดา ถนอมพล,เพศหญิง,58,นักภาษาศาสตร์,จังหวัดกำแพงเพชร,1081
อารีย์ นาถะพินธุ,เพศหญิง,30,นักโภชนาการ,จังหวัดหนองคาย,3382
มนรัตน์ อุ่นอก,เพศหญิง,29,นายแบบ,จังหวัดเชียงราย,16155
วันชนก สังข์กรด,เพศหญิง,39,อาจารย์,จังหวัดปราจีนบุรี,704
นราวรรณ ติระคมน์ ณ ตะกั่วทุ่ง,เพศหญิง,48,เจ้าหน้าที่พัฒนาเอกชน,จังหวัดอ่างทอง,8568
พิมพ์พิชญา บุณยะภาชน์,เพศหญิง,33,สถาปนิก,จังหวัดมุกดาหาร,247
สิทธัญ พีระเพ็ญกุล,เพศชาย,25,โฆษก,จังหวัดสมุทรสงคราม,20630
วรรณชนะชัย ศาสตร์ศิลป์,เพศชาย,33,นักประชาสัมพันธ์,จังหวัดสุรินทร์,12439
สัญชาน ศาสตร์ศิลป์,เพศชาย,42,นักผจญภัย,จังหวัดประจวบคีรีขันธ์,3360
ใกล้รุ่ง น้ำทิพย์,เพศหญิง,37,นักโบราณคดี,จังหวัดกระบี่,4689
ดวงพร ฉัพพรรณธนกูร,เพศหญิง,43,บรรณาธิการ,จังหวัดปราจีนบุรี,3198
เกษรา นิลวิมล,เพศหญิง,23,นักปรัชญา,จังหวัดลำปาง,2894
พิมพ์สุตา แต้กุล,เพศหญิง,23,บรรณาธิการ,จังหวัดขอนแก่น,2943
ชัฎชา ดาบเงิน,เพศหญิง,34,นักบิน,จังหวัดอ่างทอง,18199
เพ็ญพรรษา แท่นทอง,เพศหญิง,23,นักเขียน,จังหวัดเพชรบุรี,11010
ชลิดา ธนรักษ์,เพศหญิง,26,นักสืบ,จังหวัดกาญจนบุรี,3288
พลานุช ประจันตะเสน,เพศหญิง,29,นักภาษาศาสตร์,จังหวัดพัทลุง,3530
เอกอธิพงษ์ แก้วชลคราม,เพศชาย,33,ภัณฑารักษ์,จังหวัดปทุมธานี,1542
ปฐวีกานต์ บุญญาภิรมย์,เพศหญิง,27,นักจัดรายการวิทยุ,จังหวัดปทุมธานี,16139
ฌาฆีภัตฐ์ ไสยกิจ,เพศชาย,45,ช่างทำเครื่องดนตรี,จังหวัดเลย,10382
ยูซุฟ ถิรสวัสดิ์,เพศชาย,32,บรรณาธิการ,จังหวัดพะเยา,6720
ณัฐธิตา ดวงทับทิม,เพศหญิง,62,นักบวช,จังหวัดระนอง,9601
ดวงจันทร์ นครเทพ,เพศหญิง,49,อาจารย์,จังหวัดนนทบุรี,4562
ปฐวีกานต์ ธัญาโภชน์,เพศหญิง,36,นักบิน,จังหวัดนนทบุรี,4225
ภานุพล ตวันเยี่ยม,เพศชาย,28,นักอนุรักษ์ธรรมชาติ,จังหวัดเชียงราย,14026
โกมล เดชคุ้ม,เพศชาย,40,นักสืบ,จังหวัดชัยนาท,2487
พาสุข ศาสตร์ศิลป์,เพศหญิง,47,อาจารย์,จังหวัดยโสธร,14866
ชัฎชา ดุริยพันธุ์,เพศหญิง,44,ผู้กำกับ,จังหวัดระยอง,1791
ภควัฒน์ ประจันตะเสน,เพศชาย,25,แพทย์,จังหวัดนครพนม,805
ด.ญ.สุมัชญา ศิวะวรเวท,เพศหญิง,46,ช่างทำผม,จังหวัดมหาสารคาม,834
พลานุช บุญส่ง,เพศหญิง,31,นักดนตรี,จังหวัดประจวบคีรีขันธ์,2085
เทพนารี คณานุรักษ์,เพศหญิง,43,นักสิทธิมนุษยชน,จังหวัดสมุทรปราการ,2491
ปภาวรินทร์ นิลเสนา,เพศหญิง,55,นักบินอวกาศ,จังหวัดพิจิตร,2221
อรุณี ผลบุญ,เพศหญิง,29,นักสัตววิทยา,จังหวัดน่าน,835
วณัฐดา บุนยะศัพท์,เพศหญิง,26,เจ้าหน้าทีรักษาความปลอดภัย,จังหวัดขอนแก่น,3335
นพ บุนยาภิสนท์,เพศชาย,20,นักโภชนาการ,จังหวัดกรุงเทพมหานคร,5278
ทานตะวัน นฤทุกข์,เพศหญิง,25,นักผจญภัย,จังหวัดชัยนาท,1479
สุธินันท์ นิลเสนา,เพศหญิง,38,นักหนังสือพิมพ์,จังหวัดฉะเชิงเทรา,3712
ชัฎชา ถาวรายุศม์,เพศหญิง,29,ข้าราชการ,จังหวัดประจวบคีรีขันธ์,7245
พรสวรรค์ ตัณสถิตย์,เพศหญิง,27,เจ้าหน้าที่รัฐบาล,จังหวัดนครพนม,813
ซูฮัยดา ศรีสัตย์,เพศหญิง,37,แพทย์,จังหวัดลำปาง,109
เพียงกมล ทัศนสุทธิ,เพศหญิง,46,นักบินอวกาศ,จังหวัดพิจิตร,4773
ทานตะวัน ศรทอง,เพศหญิง,21,แพทย์,จังหวัดชุมพร,1522
ชัชนันท์ นาฏคายี,เพศชาย,47,นักถ่ายภาพ,จังหวัดภูเก็ต,33
อำพร ขอหมั่นกลาง,เพศหญิง,44,บรรณาธิการ,จังหวัดนนทบุรี,1412
สันชัย ชุมวระ,เพศชาย,33,ช่างทำเครื่องดนตรี,จังหวัดประจวบคีรีขันธ์,4652
ธาเอก ธนรักษ์,เพศชาย,30,นักประดิษฐ์,จังหวัดนนทบุรี,8020
จิฬาภรณ์ ฉิมพาลี,เพศหญิง,61,ผู้จัดพิมพ์,จังหวัดสมุทรปราการ,5979
นัสรุน ถนัดอาวุธ,เพศชาย,24,นักการเมือง,จังหวัดพังงา,6208
ณัฐศักดิ์ ถ้วนศรี,เพศชาย,20,นักบิน,จังหวัดอุทัยธานี,5732
นารดา นับเนื่องนอ,เพศหญิง,27,นักสังคมวิทยา,จังหวัดบุรีรัมย์,750
จันทภา ธูปะวิโรจน์,เพศหญิง,48,นักวาดการ์ตูน,จังหวัดนราธิวาส,5893
น้ำเพชร คณานุรักษ์,เพศหญิง,49,นักกีฬา,จังหวัดอ่างทอง,11198
ศรินยา ทหารแท้,เพศหญิง,31,นักสังคมวิทยา,จังหวัดลพบุรี,702
ปิยวดี ธัญาโภชน์,เพศหญิง,60,นักภาษาศาสตร์,จังหวัดพะเยา,8873
กวีฉัฏฐ นวลเพ็ง,เพศชาย,32,อาจารย์,จังหวัดน่าน,4455
เอกชัย ถนิมมาศ,เพศชาย,48,นักสังคมสงเคราะห์,จังหวัดกทม.,1932
พิมพ์สุตา ดวงทับทิม,เพศหญิง,43,แพทย์,จังหวัดบุรีรัมย์,8056
นพ ศาสตร์ศิลป์,เพศชาย,59,ทหารบก,จังหวัดประจวบคีรีขันธ์,7044
อำพร ทองประดิฐ,เพศหญิง,23,ตำรวจ,จังหวัดภูเก็ต,5762
รังสินี ทองสีไพล,เพศหญิง,23,จ๊อกกี้,จังหวัดนครปฐม,9456
ขอดิเยาะ ภูภักดี,เพศหญิง,27,นักเศรษฐศาสตร์,จังหวัดเพชรบูรณ์,6791
ราชัน นิลวรรณ,เพศชาย,20,นักถ่ายภาพ,จังหวัดยโสธร,10439
กิติชัย เจริญรัมย์,เพศชาย,58,นักการเมือง,จังหวัดสระแก้ว,6659
อรจิรา นำธวัช,เพศหญิง,23,จิตรกร,จังหวัดเชียงราย,1057
ศดิศ งามพิเชษฐ์,เพศชาย,26,คนขับรถแท็กซี่,จังหวัดตราด,570
ฐิติวุฒิ ตั้งเผ่า,เพศชาย,27,นางแบบ,จังหวัดสมุทรสาคร,11052
สุทกร บุนยะตีรณะ,เพศชาย,23,นักมายากล,จังหวัดลำพูน,3210
ธาเอก ถนัดหัตถกรรม,เพศชาย,33,บรรณาธิการ,จังหวัดอุทัยธานี,12134
ธัญญามาศ นพคเชนทร์,เพศหญิง,35,นักการเมือง,จังหวัดลพบุรี,6795
อุลัยพร ถนอมพลกรัง,เพศหญิง,35,นักธุรกิจ,จังหวัดพิษณุโลก,9386
กุลภาวลัย ถาวระวรณ์,เพศหญิง,31,ศิลปิน,จังหวัดหนองบัวลำภู,5212
น้ำเพชร ยาปะโลหิต,เพศหญิง,47,นักดาราศาสตร์,จังหวัดกำแพงเพชร,6536
วนาลี ทองลาภ,เพศหญิง,55,ผู้จัดพิมพ์,จังหวัดลพบุรี,10045
ศรีสวัสดิ์ คณานุรักษ์,เพศชาย,30,นายแบบ,จังหวัดประจวบคีรีขันธ์,1343
กันตวรรณ เลขะพันธุ์,เพศหญิง,26,มัคคุเทศก์,จังหวัดสตูล,2207
วรรณนิสา ถนัดพิมพการ,เพศหญิง,32,ตำรวจ,จังหวัดประจวบคีรีขันธ์,3612
นิติยา ถะเกิงชศ,เพศหญิง,54,นักภาษาศาสตร์,จังหวัดภูเก็ต,1154
นารดา ธนประทีป,เพศหญิง,39,ช่างทำเครื่องดนตรี,จังหวัดสระแก้ว,3991
วิถี ไม้แดง,เพศชาย,27,นักจัดรายการวิทยุ,จังหวัดแพร่,5044
วีระวัฒน์ ไทยแท้,เพศชาย,20,นักถ่ายภาพ,จังหวัดสระแก้ว,1543
ณภัทร บุญบำรุง,เพศหญิง,22,นักประวัติศาสตร์,จังหวัดสมุทรปราการ,40
พิชญ์สินี หอมพิกุล,เพศหญิง,25,ผู้จัดพิมพ์,จังหวัดตรัง,5341
มนัญชยา ตวันเยี่ยม,เพศหญิง,37,วิศวกร,จังหวัดพังงา,5814
กุลปรียา เนื้อนุ่ม,เพศหญิง,27,นักถ่ายภาพ,จังหวัดกรุงเทพฯ,3973
เกษมชัย ถนัดหัตถกรรม,เพศชาย,22,นักแต่งเพลง,จังหวัดเพชรบูรณ์,3573
เสรี ศรีวงค์,เพศชาย,45,นักการศึกษา,จังหวัดสิงห์บุรี,1607
กันตวรรณ โพธิสัตย์,เพศหญิง,33,นักวาดการ์ตูน,จังหวัดเลย,10422
กนกเนตร ธรรมเมธา,เพศหญิง,33,วีเจ,จังหวัดกทม.,4711
ธารา ถาวรายุศม์,เพศชาย,62,นักการทูต,จังหวัดพิจิตร,4493
ลัดดา บุนยะตีรณะ,เพศหญิง,30,นักแต่งเพลง,จังหวัดลำปาง,377
วิสาร พีระเพ็ญกุล,เพศชาย,33,นักจัดรายการวิทยุ,จังหวัดลพบุรี,137
ธีราทัต ธนูปกรณ์,เพศชาย,34,นักจิตวิทยา,จังหวัดปัตตานี,7133
กองสิน ไสยกิจ,เพศหญิง,36,นักบวช,จังหวัดมหาสารคาม,6890
จีราภรณ์ ทองเนื้อดี,เพศหญิง,26,นักแสดง,จังหวัดกาญจนบุรี,6504
สิรวัฒน์ นครเทพ,เพศชาย,28,ผู้กำกับ,จังหวัดอุบลราชธานี,2942
ธัญญามาศ พรรษาสกุล,เพศหญิง,25,ช่างทำเครื่องดนตรี,จังหวัดหนองคาย,8570
ภารวี ธีวร,เพศหญิง,45,สถาปนิก,จังหวัดสกลนคร,1142
ภารวี นะวะมันดร,เพศหญิง,44,จิตรกร,จังหวัดสระแก้ว,2389
ถนอมชัย นิระหานี,เพศชาย,30,สถาปนิก,จังหวัดเลย,471
ยอดแมน ทหารแท้,เพศชาย,50,วีเจ,จังหวัดชลบุรี,1567
ลัดดา ตะละภัฏ,เพศหญิง,63,นักการเมือง,จังหวัดยโสธร,674
ชรินทร์ทิพย์ ตันยา,เพศหญิง,53,ผู้กำกับภาพยนตร์,จังหวัดชัยนาท,6096
เจตธนากร นะวะมันดร,เพศชาย,33,ช่างทำผม,จังหวัดเลย,7850
เอนกพงศ์ ถนัดรบ,เพศชาย,24,ผู้กำกับละครโทรทัศน์,จังหวัดกำแพงเพชร,4159
ฉัตรปรียา หิรัญสาลี,เพศหญิง,23,โฆษก,จังหวัดพะเยา,4558
อริสรา ถิรสวัสดิ์,เพศหญิง,60,นักดาราศาสตร์,จังหวัดประจวบคีรีขันธ์,5642
จิม นากกนก,เพศชาย,56,นักพากย์,จังหวัดพะเยา,19054
อารีย์ ธีวร,เพศหญิง,32,นักประวัติศาสตร์,จังหวัดแพร่,2273
ทวีวัฒน์ ธัญเสถียร,เพศชาย,22,นักภาษาศาสตร์,จังหวัดเพชรบูรณ์,9206
วิพุธ ไทนิยม,เพศชาย,43,ทหารบก,จังหวัดแพร่,17265
ธัญญามาศ ทวีเดช,เพศหญิง,44,นักการศึกษา,จังหวัดบุรีรัมย์,6862
มะลีวัลย์ ผลบุญ,เพศหญิง,31,สถาปนิก,จังหวัดระนอง,3455
โยธิการ์ ธรรมสถิตไพศาล,เพศหญิง,28,นักโภชนาการ,จังหวัดชุมพร,6935
เขมจิรา แจ้งสว่าง,เพศหญิง,28,นักมายากล,จังหวัดอุบลราชธานี,54
โสภณ แก้วอยู่,เพศชาย,29,นักแสดง,จังหวัดอุทัยธานี,1599
ศจีกาญจน์ แนวพญา,เพศหญิง,48,จ๊อกกี้,จังหวัดเลย,286
โสภณิตา นิลเสนา,เพศหญิง,21,ผู้จัดพิมพ์,จังหวัดพัทลุง,3096
วนาลี ไชยภา,เพศหญิง,41,อาจารย์,จังหวัดสระแก้ว,2591
นวรรษนันท์ พรสีมา,เพศหญิง,23,เจ้าหน้าที่รัฐบาล,จังหวัดเลย,5221
ศรลักษณ์ ศาสตร์ศิลป์,เพศชาย,44,โฆษก,จังหวัดบึงกาฬ,676
พัชรพร เขียวขุ้ย,เพศชาย,40,บรรณารักษ์,จังหวัดสมุทรสาคร,3665
ทินพร ติระคมน์,เพศหญิง,39,นักสืบ,จังหวัดสระบุรี,1313
วรดาพร บุตดา,เพศหญิง,23,วิศวกร,จังหวัดพังงา,6290
ปัตถพงษ์ ทรัพย์ธำรงค์,เพศชาย,45,เจ้าหน้าที่พัฒนาเอกชน,จังหวัดอุบลราชธานี,1085
สุทธิณัฐ ตระกูลบุญ,เพศชาย,23,นักประวัติศาสตร์,จังหวัดหนองคาย,3382
นันทิกานต์ ทองสินธุ์,เพศหญิง,21,เภสัชกร,จังหวัดสระแก้ว,597
บุญเทียน ทองเนื้อดี,เพศหญิง,34,นักเศรษฐศาสตร์,จังหวัดหนองคาย,15854
ณัฐศักดิ์ ถนัดกลึง,เพศชาย,27,ช่างทำเครื่องดนตรี,จังหวัดระนอง,2344
เด็กหญิงอัญชิษฐา ศิวะวรเวท,เพศหญิง,36,กวี,จังหวัดนครสวรรค์,19473
ปฐวีกานต์ ถนอมกุลบุตร,เพศหญิง,31,ภัณฑารักษ์,จังหวัดร้อยเอ็ด,8634
สุทธิณัฐ คำลือ,เพศชาย,23,ช่างทำเครื่องดนตรี,จังหวัดเพชรบุรี,5410
นางสุรนีย์ วุฑฒยากร,เพศหญิง,22,นักผจญภัย,จังหวัดชัยนาท,4407
จิราภรณ์ นามขำ,เพศหญิง,23,ช่างทำผม,จังหวัดเพชรบุรี,11266
พศร ฉิมพาลี,เพศชาย,22,นักการกุศล,จังหวัดเพชรบูรณ์,5152
เจตพินิษฐ์ นักสำหรวจ,เพศชาย,34,ค้าขาย,จังหวัดน่าน,173
นางสาวจณิสตา นฤทุกข์,เพศหญิง,25,ผู้กำกับ,จังหวัดเชียงใหม่,4707
รวิวาน ทองเนื้อดี,เพศหญิง,31,นายแบบ,จังหวัดตรัง,1292
รอซีด๊ะ พรมอ่อน,เพศหญิง,31,นักสำรวจ,จังหวัดบุรีรัมย์,760
ทิพรดา ถนัดการยนต์,เพศหญิง,48,นักสัตววิทยา,จังหวัดปราจีนบุรี,1065
ณัฐวรินทร นิลวิมล,เพศหญิง,22,นักสืบ,จังหวัดนราธิวาส,317
เจตพินิษฐ์ ทองลาภ,เพศชาย,21,เจ้าหน้าที่รัฐบาล,จังหวัดอุดรธานี,20862
บุญนพ แถมธน,เพศชาย,40,นักแปล,จังหวัดภูเก็ต,4006
ณัฐธภรณ์ ตรีเภรินทร์,เพศหญิง,33,นักประชาสัมพันธ์,จังหวัดหนองคาย,5916
ธารา ตัณฑนุช,เพศชาย,39,ตำรวจ,จังหวัดพิษณุโลก,3404
สมปอง ธูปะวิโรจน์,เพศชาย,25,ค้าขาย,จังหวัดบึงกาฬ,2509
ศุภชัย ถาวรายุศม์,เพศชาย,45,นางแบบ,จังหวัดกรุงเทพ,8458
พรชีวิน แนวพญา,เพศหญิง,37,นักการทูต,จังหวัดเลย,4965
จุฑารัตน์ นานายน,เพศหญิง,22,กวี,จังหวัดตาก,1518
สุพนธ์ นิระหานี,เพศชาย,23,เภสัชกร,จังหวัดเชียงใหม่,5120
บุญญกัลป์ ฉัตรอภิเที่ยงค่ำ,เพศชาย,27,บรรณารักษ์,จังหวัดชุมพร,2754
เกศรา หิรัญสาลี,เพศหญิง,35,นักธุรกิจ,จังหวัดลำปาง,1304
มณียา ชุมวระ,เพศหญิง,49,โปรแกรมเมอร์,จังหวัดเลย,11706
ประเดิม ถาวรายุศม์,เพศชาย,21,นักธุรกิจ,จังหวัดอำนาจเจริญ,1714
ทองสิริ นิระหานี,เพศหญิง,41,เกษตรกร,จังหวัดเพชรบูรณ์,5553
บุญพา นครเทพ,เพศหญิง,40,อาจารย์,จังหวัดจันทบุรี,2603
ภัคชัญญา แนวพนิช,เพศหญิง,36,นักปรัชญา,จังหวัดเพชรบุรี,11097
พัสวี นรวิทย์โชติกุล,เพศหญิง,39,กวี,จังหวัดเชียงใหม่,1851
เพ็ญยุภา ธาราธร,เพศหญิง,55,นักเศรษฐศาสตร์,จังหวัดปทุมธานี,787
ผกาทิพย์ ทีฆะ,เพศหญิง,49,นักบินอวกาศ,จังหวัดสุพรรณบุรี,18588
เอนกพงศ์ ตั้งกุลงาม,เพศชาย,47,อาจารย์,จังหวัดพิษณุโลก,4885
สันชัย ซูสารอ,เพศชาย,22,พิธีกร,จังหวัดลำปาง,1693
คมกฤชญ์ บุตดา,เพศชาย,20,บรรณารักษ์,จังหวัดสุราษฎร์ธานี,9323
สุพนธ์ ทหารแท้,เพศชาย,27,ผู้กำกับ,จังหวัดภูเก็ต,10093
ณาร์รีมาน ทองเนื้อดี,เพศหญิง,36,บรรณาธิการ,จังหวัดระยอง,1570
สมนึก นากกนก,เพศชาย,20,นักสังคมสงเคราะห์,จังหวัดพิษณุโลก,2620
พชรภรณ์ นิระหานี,เพศหญิง,56,เกษตรกร,จังหวัดประจวบคีรีขันธ์,4552
พิไลพร นาถะพินธุ,เพศหญิง,41,นักการเมือง,จังหวัดปราจีนบุรี,4724
รอกีเย๊าะ ธัญาโภชน์,เพศหญิง,22,นักภาษาศาสตร์,จังหวัดชัยนาท,2416
มนัญชยา ถมังรักษสัตว์,เพศหญิง,20,เจ้าหน้าที่พัฒนาเอกชน,จังหวัดภูเก็ต,2159
ธัชญา ไทยสุชาต,เพศหญิง,20,นักธุรกิจ,จังหวัดอำนาจเจริญ,2194
แกมแพร ศรีสัตย์,เพศหญิง,36,บรรณาธิการ,จังหวัดลำพูน,275
อชิตะวีร์ ตั้งเผ่า,เพศชาย,32,บรรณาธิการ,จังหวัดกระบี่,5447
ปัณณธร เตชะกำพุ,เพศหญิง,28,พิธีกร,จังหวัดกระบี่,4645
พชรภรณ์ เจริญรัมย์,เพศหญิง,36,ผู้กำกับละครโทรทัศน์,จังหวัดนราธิวาส,3518
อริสรา หนุนสุข,เพศหญิง,28,นางแบบ,จังหวัดพัทลุง,12021
หรรษา นาคพันธุ์,เพศหญิง,21,โฆษก,จังหวัดน่าน,10279
สิริลัดดา บุญบำรุง,เพศหญิง,35,นักแปล,จังหวัดกาฬสินธุ์,2494
นิรุตต์ นครเทพ,เพศชาย,37,นักวิจัย,จังหวัดชุมพร,1820
อารีย์ ติระคมน์,เพศหญิง,54,ผู้กำกับภาพยนตร์,จังหวัดอำนาจเจริญ,3889
ธมลพรรณ สังข์กรด,เพศหญิง,54,ผู้กำกับละครโทรทัศน์,จังหวัดปทุมธานี,2467
ปิยวดี นิละทัต,เพศหญิง,30,นักการทูต,จังหวัดจันทบุรี,9751
พรรณปพร ตะละภัฏ,เพศหญิง,30,นักจัดรายการวิทยุ,จังหวัดสุโขทัย,5887
เมทนี หนุนสุข,เพศหญิง,39,นักสังคมสงเคราะห์,จังหวัดสิงห์บุรี,13157
กุลปรียา เนตร์มณี,เพศหญิง,36,แพทย์,จังหวัดเพชรบูรณ์,9159
แกมแพร ดวงทับทิม,เพศหญิง,52,นักผจญภัย,จังหวัดกทม.,4865
อธิตยา ทรัพย์ธำรงค์,เพศหญิง,65,ตำรวจ,จังหวัดพิษณุโลก,4480
วรปรัชญ์ บุตดา,เพศชาย,41,จิตรกร,จังหวัดสงขลา,1414
สุรนัย บุญบำรุง,เพศชาย,38,นักบิน,จังหวัดลำปาง,547
เกษมชัย ดาวอร่าม,เพศชาย,51,จ๊อกกี้,จังหวัดกาญจนบุรี,8623
เขียว เขียวขุ้ย,เพศชาย,34,มัคคุเทศก์,จังหวัดอุทัยธานี,5025
สุภัทริดา ฉัพพรรณธนกูร,เพศหญิง,25,นักภาษาศาสตร์,จังหวัดอ่างทอง,3800
จด แจ้งสว่าง,เพศชาย,23,นักภาษาศาสตร์,จังหวัดระนอง,5485
นิติยา ตระกูลไม้เรียง,เพศหญิง,26,นักแสดง,จังหวัดยะลา,2436
อัครพนธ์ ศรีอุ่น,เพศชาย,32,สถาปนิก,จังหวัดสมุทรสงคราม,17105
นางอเนชา ไทนิยม,เพศหญิง,29,นักปรัชญา,จังหวัดตราด,4812
จิตตานันท์ ทศโยธิน,เพศหญิง,23,นักบินอวกาศ,จังหวัดฉะเชิงเทรา,619
ศุภชัย ศรีตะวัน,เพศชาย,25,ผู้กำกับ,จังหวัดบุรีรัมย์,3214
สุทกร บุญศล,เพศชาย,36,ช่างทำเครื่องดนตรี,จังหวัดสมุทรสาคร,225
ขวัญรุ้ง บุญญาภิรมย์,เพศชาย,36,แพทย์,จังหวัดจันทบุรี,5144
เฉลิมรัฐ ถนัดการยนต์,เพศชาย,63,นักโภชนาการ,จังหวัดราชบุรี,8854
ทรรศนชัย ถิรสวัสดิ์,เพศชาย,33,นักบิน,จังหวัดชุมพร,423
รูไกยะฮ์ นิลวรรณ,เพศหญิง,34,ภัณฑารักษ์,จังหวัดตราด,6747
มาซีเตาะ ทัศนสุทธิ,เพศหญิง,37,นักสำรวจ,จังหวัดตาก,55
นาทภูวพัฒน์ ดาวกระจาย,เพศชาย,47,ศิลปิน,จังหวัดอุดรธานี,8627
ปัญญาพร ทศโยธิน,เพศหญิง,36,นักออกแบบ,จังหวัดสุพรรณบุรี,3846
พิไลพร ดาบเงิน,เพศหญิง,20,นักผจญภัย,จังหวัดกรุงเทพมหานคร,5975
เกียรติศักดิ์ แน่นดุจป้อม,เพศชาย,49,โฆษก,จังหวัดกทม.,4988
อาซือมะ ศิวะวรเวท,เพศหญิง,37,นักสัตววิทยา,จังหวัดอุดรธานี,13530
นาวีตา สันตะวงศ์,เพศหญิง,53,นักการศึกษา,จังหวัดเพชรบุรี,4619
พันเกล้า ตันเผ่า,เพศหญิง,33,นักพจนานุกรม,จังหวัดนครสวรรค์,2863
ทิพย์วารี นิยมเซียม,เพศหญิง,36,นักสืบ,จังหวัดสุโขทัย,2844
ปิยะนันท์ เนื้อนุ่ม,เพศชาย,61,นักออกแบบ,จังหวัดเพชรบุรี,820
ธาเอก ไทยแท้,เพศชาย,21,ข้าราชการ,จังหวัดพิษณุโลก,8157
วรรณนิสา ศาสตร์ศิลป์,เพศหญิง,57,นายแบบ,จังหวัดพระนครศรีอยุธยา,4288
ศศิธร ทวีเดช,เพศหญิง,43,นักสิทธิมนุษยชน,จังหวัดพะเยา,126
สมเกียรติ หนักแน่น,เพศชาย,20,นักสิทธิมนุษยชน,จังหวัดภูเก็ต,1951
เกศรา ถนอมพลกรัง,เพศหญิง,21,นักสังคมศาสตร์,จังหวัดลำปาง,67
มะสูเกียน นับเนื่องนอ,เพศชาย,20,นักสิทธิมนุษยชน,จังหวัดนครศรีธรรมราช,7937
ณัฐธิตา บุตดา,เพศหญิง,20,นางแบบ,จังหวัดกรุงเทพ,288
ณัฐญาดา ทีฆะ,เพศหญิง,33,นักบินอวกาศ,จังหวัดแพร่,6141
กนกเนตร นวลเพ็ง,เพศหญิง,50,นักดาราศาสตร์,จังหวัดลพบุรี,2018
จิตตานันท์ บุนยะตีรณะ,เพศหญิง,25,นักสืบ,จังหวัดศรีสะเกษ,5302
มาสิตะ ดาวกระจาย,เพศหญิง,38,วีเจ,จังหวัดสระบุรี,766
ทิมาภรณ์ ทำประดู่,เพศหญิง,41,ช่างทำเครื่องดนตรี,จังหวัดนครนายก,152
พลานุช กุมารบุญ,เพศหญิง,30,ศิลปิน,จังหวัดสมุทรปราการ,1106
อุลัยพร ตันเผ่า,เพศหญิง,40,นักหนังสือพิมพ์,จังหวัดพังงา,3680
ธีราทัต อุ่นอก,เพศชาย,34,พิธีกร,จังหวัดอำนาจเจริญ,5097
ลัดดา ถนัดภาษา,เพศหญิง,56,นักชีววิทยา,จังหวัดสระบุรี,62
พัชรีนิษฐ์ ตระกูลไม้เรียง,เพศหญิง,21,แพทย์,จังหวัดพัทลุง,6993
อำพร ทวนไชย์,เพศหญิง,36,พิธีกร,จังหวัดชัยนาท,2584
ซูไรดา ไชยภา,เพศหญิง,50,นักเคลื่อนไหว,จังหวัดอุบลราชธานี,1260
อาภัศรา นิลสุวรรณ์,เพศหญิง,31,นักสัตววิทยา,จังหวัดชุมพร,2741
สิทธิชัย ตั้งรบ,เพศชาย,32,นักประวัติศาสตร์,จังหวัดชัยภูมิ,15087
เยาวรัตน์ ถุงเงิน,เพศหญิง,33,นักปรัชญา,จังหวัดลำปาง,5570
สุรนัย ตรีครุธพันธุ์,เพศชาย,22,นักเคลื่อนไหว,จังหวัดเชียงราย,2335
นิภา ถิรสวัสดิ์,เพศหญิง,41,นักภาษาศาสตร์,จังหวัดระนอง,1337
หฤทัย เขียวอ่อน,เพศหญิง,41,ช่างทำเครื่องดนตรี,จังหวัดลำปาง,13655
ขอดิเยาะ ทองประดิฐ,เพศหญิง,20,นักสำรวจ,จังหวัดสมุทรสาคร,4033
เอกวิทย์ วิลาสินี,เพศชาย,33,ศิลปิน,จังหวัดแม่ฮ่องสอน,782
จรรยพร ตรีเภรินทร์,เพศหญิง,36,นักกีฬา,จังหวัดเลย,4099
ปริญญา ไทยสุชาต,เพศหญิง,20,ผู้กำกับภาพยนตร์,จังหวัดสระแก้ว,231
เถลิงยศ ถาวระวรณ์,เพศชาย,50,ผู้จัดพิมพ์,จังหวัดพิษณุโลก,1739
นราวรรณ ถนัดการยนต์,เพศหญิง,28,นักสืบ,จังหวัดพระนครศรีอยุธยา,12478
นัฐพล นาคพันธุ์,เพศชาย,57,นักอนุรักษ์ธรรมชาติ,จังหวัดนราธิวาส,3945
ภัทรนาฎ นพคเชนทร์,เพศหญิง,44,นักประวัติศาสตร์,จังหวัดกรุงเทพฯ,12030
ปริญญา นาถะพินธุ,เพศหญิง,21,นักพจนานุกรม,จังหวัดระนอง,1086
ธีรวุฒิ เขียวขุ้ย,เพศชาย,62,จิตรกร,จังหวัดบุรีรัมย์,2949
วิพุธ เวียงจันทึก,เพศชาย,27,นักเขียน,จังหวัดนครศรีธรรมราช,1543
นาตยา ถนัดกลึง,เพศหญิง,24,ช่างทำเครื่องดนตรี,จังหวัดแม่ฮ่องสอน,741
เสรี ถนัดพิมพการ,เพศชาย,36,นักแปล,จังหวัดนครราชสีมา,1200
ศดิศ เยาวธนโชค,เพศชาย,33,นักสังคมวิทยา,จังหวัดอ่างทอง,2430
กุลดิลก ปรีชากุลเศรษฐ์,เพศชาย,43,นักวิจัย,จังหวัดนราธิวาส,5602
ธราวิทญ์ บุนยะศัพท์,เพศชาย,42,พิธีกร,จังหวัดจันทบุรี,5277
อุษณีย์ ทหารแท้,เพศหญิง,54,ทหารบก,จังหวัดชลบุรี,11555
รัฐพงษ์ นิติสาขา,เพศชาย,31,บรรณารักษ์,จังหวัดสมุทรสงคราม,10346
ปวีณ ตวันเยี่ยม,เพศชาย,20,ช่างทำผม,จังหวัดชัยภูมิ,2759
ณัฐธภรณ์ นิษประปัญจ์,เพศหญิง,33,นักภาษาศาสตร์,จังหวัดนครพนม,5316
โยธิการ์ ตะละภัฏ,เพศหญิง,41,วีเจ,จังหวัดกรุงเทพมหานคร,2274
ชลิดา นฤภัย,เพศหญิง,39,นักดนตรี,จังหวัดมหาสารคาม,2140
ชิดชนก บุตราช,เพศหญิง,40,นักวิจัย,จังหวัดพิจิตร,334
จักรีรัตน์ น้ำทิพย์,เพศหญิง,22,ค้าขาย,จังหวัดกรุงเทพมหานคร,2839
กิติยาธรณ์ บุนยะศัพท์,เพศหญิง,38,ผู้กำกับละครโทรทัศน์,จังหวัดร้อยเอ็ด,14971
รอกีเย๊าะ ถนัดเดินข่าว,เพศหญิง,40,บรรณาธิการ,จังหวัดเชียงราย,5779
สโรชา จ้อยนุแสง,เพศหญิง,33,โฆษก,จังหวัดเชียงใหม่,1479
นพวรรณ ดาวกระจาย,เพศหญิง,37,นักพจนานุกรม,จังหวัดชัยนาท,2072
วณัฐดา แท่นทอง,เพศหญิง,50,นักสืบ,จังหวัดสุรินทร์,2483
อมัด แจ้งสว่าง,เพศชาย,44,ตำรวจ,จังหวัดลำปาง,2949
สันชัย บุนยะตีรณะ,เพศชาย,37,นักสังคมสงเคราะห์,จังหวัดแม่ฮ่องสอน,241
ถนอมชัย เจริญรัมย์,เพศชาย,54,เจ้าหน้าที่รัฐบาล,จังหวัดศรีสะเกษ,8101
อณัฐตา เณรานุสนธิ์,เพศหญิง,26,ช่างทำเครื่องดนตรี,จังหวัดปทุมธานี,1220
อันธิกา นิลวิมล,เพศหญิง,25,นักการกุศล,จังหวัดสิงห์บุรี,2979
ปิยวัจน์ นิละทัต,เพศชาย,37,นักวิทยาศาสตร์,จังหวัดอุบลราชธานี,1147
วิรศักดิ์ นามขำ,เพศชาย,33,นักสังคมศาสตร์,จังหวัดสงขลา,4989
ปฐม นิยมธรรม,เพศชาย,30,อัยการ,จังหวัดศรีสะเกษ,9568
ปรมินทร์ นาฏคายี,เพศชาย,31,นักบินอวกาศ,จังหวัดชลบุรี,13167
นายเนติลักษณ์ อัตตนาถ,เพศชาย,40,นักจัดรายการวิทยุ,จังหวัดขอนแก่น,17814
โกมล ปรีชากุลเศรษฐ์,เพศชาย,32,โปรแกรมเมอร์,จังหวัดสงขลา,6127
ยศพงศ์ ธนรักษ์,เพศชาย,28,ช่างทำผม,จังหวัดกาญจนบุรี,11220
ศุภชัย บุญญาภิรมย์,เพศชาย,45,เภสัชกร,จังหวัดลพบุรี,9893
ธารา ราชมณี,เพศชาย,32,นักปรัชญา,จังหวัดสุราษฎร์ธานี,959
ทิมาภรณ์ บุณยะภาชน์,เพศหญิง,34,นักวิจัย,จังหวัดเชียงใหม่,777
สุพัตร นาคพันธุ์,เพศหญิง,30,นักกีฬา,จังหวัดภูเก็ต,1447
มนัส ดีตพันธุ์,เพศชาย,50,ทนายความ,จังหวัดแม่ฮ่องสอน,2342
ประภัทร์สรณ์ ไม้แดง,เพศหญิง,38,นักสังคมศาสตร์,จังหวัดพิจิตร,12781
พิมพ์ประภา นวลฉวี,เพศหญิง,47,จิตรกร,จังหวัดร้อยเอ็ด,2025
ภูวัน ทองปากน้ำ,เพศชาย,27,นักสังคมสงเคราะห์,จังหวัดนครศรีธรรมราช,9171
อุลัยพร อุ่นอก,เพศหญิง,31,ภัณฑารักษ์,จังหวัดศรีสะเกษ,20721
ธารา แนวพญา,เพศชาย,30,เจ้าหน้าที่รัฐบาล,จังหวัดฉะเชิงเทรา,7038
วรรณรัตน์ ถนัดเดินข่าว,เพศหญิง,53,วิศวกร,จังหวัดสระบุรี,11442
เพทาย เตมิยะเดช,เพศชาย,28,นักผจญภัย,จังหวัดภูเก็ต,16600
พลานุช ทองลาภ,เพศหญิง,57,ผู้กำกับ,จังหวัดเชียงราย,4897
ปิยะชาติ ถมังรักษสัตว์,เพศหญิง,52,เจ้าหน้าทีรักษาความปลอดภัย,จังหวัดกรุงเทพฯ,1810
ฐิติวุฒิ บุตดา,เพศชาย,46,เจ้าหน้าทีรักษาความปลอดภัย,จังหวัดตรัง,4895
ธมลพรรณ ทุมะบุตร์,เพศหญิง,21,นักสังคมสงเคราะห์,จังหวัดกำแพงเพชร,9841
แกมแพร ทำประดู่,เพศหญิง,30,นักสัตววิทยา,จังหวัดแม่ฮ่องสอน,884
สุธาวี นาควงษ์,เพศหญิง,40,นักประวัติศาสตร์,จังหวัดเลย,3365
ภาสวุฒิ ทวีเดช,เพศชาย,25,นายแบบ,จังหวัดสุโขทัย,216
มลิวรรณ เณรานุสนธิ์,เพศหญิง,43,นักเขียน,จังหวัดอุดรธานี,633
วรศาสส์ จันทา,เพศชาย,45,นักสำรวจ,จังหวัดกทม.,698
บุญญามี นามเสวตร,เพศชาย,21,นักถ่ายภาพ,จังหวัดสมุทรสงคราม,2622
นวรรษนันท์ ถาวระวรณ์,เพศหญิง,26,นายแบบ,จังหวัดอุบลราชธานี,5618
หล้า เจริญรัมย์,เพศชาย,22,เภสัชกร,จังหวัดขอนแก่น,1483
กฤตเมธ ปานสุวรรณ,เพศชาย,26,นักชีววิทยา,จังหวัดมุกดาหาร,14049
สุธินันท์ คำลือ,เพศหญิง,48,จิตรกร,จังหวัดสมุทรสงคราม,1364
ธารา ศรทอง,เพศชาย,43,นักวาดการ์ตูน,จังหวัดกรุงเทพฯ,1008
ซูไรดา ทำประดู่,เพศหญิง,24,นักการทูต,จังหวัดนนทบุรี,688
นายเพทาย ธูปะวิโรจน์,เพศชาย,29,นักบวช,จังหวัดอุบลราชธานี,12038
รักชนก ไทยสุชาต,เพศหญิง,38,นักผจญภัย,จังหวัดอุทัยธานี,13
ณัฐธภรณ์ ถนัดกลึง,เพศหญิง,26,นักกีฬา,จังหวัดกรุงเทพมหานคร,4226
มูฮัมหมัดอิมรอน นำธวัช,เพศชาย,42,โปรแกรมเมอร์,จังหวัดกำแพงเพชร,7328
เยาวรัตน์ ทองลาภ,เพศหญิง,50,นักการเมือง,จังหวัดตราด,558
นาย ปานสุวรรณ,เพศชาย,26,นักเคลื่อนไหว,จังหวัดนครนายก,7178
พลานุช นิลสลัว,เพศหญิง,58,ช่างทำเครื่องดนตรี,จังหวัดตาก,2968
เอกชัย ธูปะวิโรจน์,เพศชาย,30,คนขับรถแท็กซี่,จังหวัดฉะเชิงเทรา,16590
อุดมลักษณ์ ดัตพันธุ์,เพศหญิง,42,ช่างทำเครื่องดนตรี,จังหวัดพิจิตร,5134
ณัฐญาดา จันทา,เพศหญิง,44,แพทย์,จังหวัดยะลา,2321
ธัญญามาศ ทหารแท้,เพศหญิง,53,นักการเมือง,จังหวัดนราธิวาส,1223
ทวีวัฒน์ บุนยาภิสนท์,เพศชาย,22,นักเขียน,จังหวัดสตูล,5658
พิชญ์สินี อัตตนาถ,เพศหญิง,32,พิธีกร,จังหวัดกรุงเทพมหานคร,4595
ภารวี ถนอมพล,เพศหญิง,37,จ๊อกกี้,จังหวัดร้อยเอ็ด,1494
ณิชนันท์ ธูปหอม,เพศหญิง,26,เภสัชกร,จังหวัดชุมพร,3898
มะสูเกียน งามพิเชษฐ์,เพศชาย,38,นักแสดง,จังหวัดอุทัยธานี,7323
ประไพพักตร์ ธนประทีป,เพศหญิง,28,ศิลปิน,จังหวัดฉะเชิงเทรา,747
พรปราณี ตะละภัฏ,เพศหญิง,30,นักแปล,จังหวัดลพบุรี,3449
ณัฐพิชา ศรีธนะเวทย์,เพศหญิง,24,กวี,จังหวัดสุรินทร์,1997
นัสรุน ชุมวระ,เพศชาย,52,พิธีกร,จังหวัดอ่างทอง,1851
โกมล ทองสุกเลิศ,เพศชาย,21,นักบวช,จังหวัดลำพูน,10047
นภัสรินทร์ ตัณสถิตย์,เพศหญิง,33,นักประวัติศาสตร์,จังหวัดกทม.,711
จิตรลดา ทวนทอง,เพศหญิง,30,นักกฎหมาย,จังหวัดพัทลุง,1100
มาซีเตาะ แท่นทอง,เพศหญิง,23,นักวาดการ์ตูน,จังหวัดนครราชสีมา,9301
อนุบาล บุญญาภิรมย์,เพศชาย,29,ผู้กำกับ,จังหวัดสุราษฎร์ธานี,2245
ภัทราวุธ สาระพันธ์,เพศหญิง,32,ค้าขาย,จังหวัดสตูล,262
วาร์มูฮำหมัด นับเนื่องนอ,เพศชาย,37,นางแบบ,จังหวัดสุรินทร์,18173
ประไพพักตร์ ทวีเดช,เพศหญิง,37,นักแสดง,จังหวัดระยอง,3944
สันติราษฎร์ บุญบำรุง,เพศชาย,26,นักวาดการ์ตูน,จังหวัดสุโขทัย,10228
นารดา ธรรมสถิตไพศาล,เพศหญิง,47,นักพจนานุกรม,จังหวัดปราจีนบุรี,3840
มณียา นาถะเดชะ,เพศหญิง,34,นักประวัติศาสตร์,จังหวัดกาฬสินธุ์,2646
หฤทัย จ้อยนุแสง,เพศหญิง,32,จ๊อกกี้,จังหวัดหนองคาย,366
อับดุลเลาะห์ ถะเกิงชศ,เพศชาย,47,นักการกุศล,จังหวัดฉะเชิงเทรา,8638
ตอฮา ถนัดหัตถกรรม,เพศชาย,51,เกษตรกร,จังหวัดพิจิตร,241
ผดุงพล ถนิมมาศ,เพศชาย,28,โปรแกรมเมอร์,จังหวัดสระบุรี,10043
สินสมุทร ตรีครุธพันธุ์,เพศชาย,24,อาจารย์,จังหวัดปราจีนบุรี,1021
สายสุรีย์ ด้วงโสน,เพศหญิง,42,มัคคุเทศก์,จังหวัดระยอง,2605
บุญทิวา แก้วชลคราม,เพศหญิง,28,โฆษก,จังหวัดนครนายก,7968
ตรีนุช เตชะกำพุ,เพศหญิง,43,นักประวัติศาสตร์,จังหวัดอุบลราชธานี,5362
มลิวรรณ นฤทุกข์,เพศหญิง,43,นักประวัติศาสตร์,จังหวัดพิจิตร,7562
ศรลักษณ์ ศิวะวรเวท,เพศชาย,56,นักสำรวจ,จังหวัดมุกดาหาร,4855
นิภา บุณยะภาชน์,เพศหญิง,39,จิตรกร,จังหวัดตราด,10846
สุธินันท์ ติณรัตน์,เพศหญิง,37,ช่างทำผม,จังหวัดระยอง,1458
ศรินยา ราชมณี,เพศหญิง,62,นักโบราณคดี,จังหวัดกรุงเทพ,8755
เอกชัย ถนัดพิมพการ,เพศชาย,42,นักประชาสัมพันธ์,จังหวัดสุพรรณบุรี,808
วิพุธ เดชคุ้ม,เพศชาย,31,นักประดิษฐ์,จังหวัดพิษณุโลก,422
จิตตานันท์ สาระพันธ์,เพศหญิง,47,นักสังคมวิทยา,จังหวัดลำปาง,8296
อรรจน์ เธียรายัน,เพศชาย,40,ผู้กำกับละครโทรทัศน์,จังหวัดปราจีนบุรี,1356
พลภูมิ นพตระกูล,เพศชาย,41,นักออกแบบ,จังหวัดชลบุรี,6717
รชตกร เลขะพันธุ์,เพศชาย,27,นักพากย์,จังหวัดนราธิวาส,3349
เยาวรัตน์ ถนอมกุลบุตร,เพศหญิง,25,นักวิทยาศาสตร์,จังหวัดสมุทรสงคราม,1386
ชัญญานุนาย นิติสาขา,เพศหญิง,21,นักแปล,จังหวัดเลย,1831
ชิดชนก ไตรบรรพ,เพศหญิง,44,เจ้าหน้าที่รัฐบาล,จังหวัดสุราษฎร์ธานี,13313
พรปราณี ด้วงโสน,เพศหญิง,38,ตำรวจ,จังหวัดปัตตานี,860
เทพนารี ธรรมนิยม,เพศหญิง,39,วิศวกร,จังหวัดลพบุรี,1108
ประภัทร์สรณ์ ทวนทอง,เพศหญิง,30,นักบวช,จังหวัดสุราษฎร์ธานี,1283
นรีรัตน์ บัวเผื่อน,เพศหญิง,39,นักประวัติศาสตร์,จังหวัดสมุทรปราการ,202
ภานิณี ถิรสวัสดิ์,เพศหญิง,33,ภัณฑารักษ์,จังหวัดระนอง,4240
ภูวรา เมืองสุข,เพศชาย,47,นักธุรกิจ,จังหวัดอ่างทอง,4835
จณิตตา เนื้อนุ่ม,เพศหญิง,31,นักโบราณคดี,จังหวัดปัตตานี,778
เนติลักษณ์ ถนัดกลึง,เพศชาย,55,ทหารบก,จังหวัดตรัง,12580
สุภาลินี เพียยา,เพศหญิง,27,นักสะสมศิลปะ,จังหวัดฉะเชิงเทรา,2432
ซูฮัยดา ติณรัตน์,เพศหญิง,29,นักวาดการ์ตูน,จังหวัดร้อยเอ็ด,18794
ภาสินี โพธิสัตย์,เพศหญิง,41,เจ้าหน้าที่รัฐบาล,จังหวัดกาฬสินธุ์,2568
อุดมลักษณ์ ไม้แดง,เพศหญิง,21,ผู้กำกับ,จังหวัดลพบุรี,6758
คมคาย ทองสีไพล,เพศหญิง,21,นักการศึกษา,จังหวัดกรุงเทพ,6813
ตอฮา ทองประดิฐ,เพศชาย,56,ช่างทำผม,จังหวัดนราธิวาส,3494
จณิตตา ทีฆะ,เพศหญิง,30,นักถ่ายภาพ,จังหวัดระนอง,6874
เนติลักษณ์ ทวีเดช,เพศชาย,35,นักโบราณคดี,จังหวัดหนองคาย,2312
เกียรติก้อง ยางสวย,เพศชาย,30,นักสืบ,จังหวัดจันทบุรี,927
นิมุ เจริญรัมย์,เพศชาย,34,นักถ่ายภาพ,จังหวัดนราธิวาส,5926
ด.ช.กฤตพร พงศ์ฉบับนภา,เพศชาย,39,นักโบราณคดี,จังหวัดพิจิตร,3217
พาสุข ถุงเงิน,เพศหญิง,30,นักการทูต,จังหวัดยะลา,14005
ภัทรนาฎ ถนัดรักษา,เพศหญิง,21,จ๊อกกี้,จังหวัดชัยภูมิ,5786
ชัญญานุนาย บุญศล,เพศหญิง,41,จิตรกร,จังหวัดอ่างทอง,1428
ณัฐธภรณ์ ศรีอุ่น,เพศหญิง,28,นักประชาสัมพันธ์,จังหวัดบุรีรัมย์,2723
อุลัยพร นิลวรรณ,เพศหญิง,35,จิตรกร,จังหวัดมหาสารคาม,10979
รวิวาน หิรัญสาลี,เพศหญิง,37,ผู้จัดพิมพ์,จังหวัดกระบี่,11200
ณัฐวรินทร กุมารบุญ,เพศหญิง,28,ทนายความ,จังหวัดสงขลา,14887
จริยฉัตร ทรงโกมล,เพศหญิง,58,นักพากย์,จังหวัดตาก,2494
ภัทรนาฎ ถาวรายุศม์,เพศหญิง,25,นักการศึกษา,จังหวัดเชียงราย,14459
อัญธิกา ศาสตร์ศิลป์,เพศหญิง,59,นักออกแบบ,จังหวัดอ่างทอง,1743
ชลิดา เจริญรัมย์,เพศหญิง,57,นักกีฬา,จังหวัดสุพรรณบุรี,8328
ณัฐพิชา ตั้งกุลงาม,เพศหญิง,34,นายแบบ,จังหวัดจันทบุรี,3563
ภูมิปัญญา ตัณสถิตย์,เพศชาย,51,ภัณฑารักษ์,จังหวัดอ่างทอง,12021
ณิชาภัทร พรมอ่อน,เพศหญิง,20,ผู้กำกับละครโทรทัศน์,จังหวัดนนทบุรี,4550
คมคาย ถ้วนศรี,เพศหญิง,59,นักออกแบบ,จังหวัดชัยภูมิ,6390
ณัฐวรินทร แจ้งสว่าง,เพศหญิง,27,นักประวัติศาสตร์,จังหวัดปัตตานี,1247
แกมแพร พงศ์ฉบับนภา,เพศหญิง,26,อัยการ,จังหวัดลำพูน,6176
ผดุงชาติ ทรงโกมล,เพศชาย,47,นายแบบ,จังหวัดพิษณุโลก,1388
ปาริตา นาคะนคร,เพศหญิง,27,เจ้าหน้าทีรักษาความปลอดภัย,จังหวัดน่าน,2088
กิ่งแก้ว ยางสวย,เพศหญิง,35,พิธีกร,จังหวัดพิษณุโลก,2110
ทิพรดา ถนัดกลึง,เพศหญิง,26,บรรณาธิการ,จังหวัดชัยนาท,1928
นารดา ศรีสัตย์,เพศหญิง,53,นักชีววิทยา,จังหวัดสระแก้ว,10536
สุภาลินี ดวงทับทิม,เพศหญิง,30,นักหนังสือพิมพ์,จังหวัดขอนแก่น,3822
วิเชียร นิละทัต,เพศหญิง,24,แพทย์,จังหวัดศรีสะเกษ,3176
ดวงสมร จันอ้น,เพศหญิง,25,โปรแกรมเมอร์,จังหวัดสุราษฎร์ธานี,1494
ราชันทร์ แก้วชลคราม,เพศชาย,37,ช่างทำผม,จังหวัดระนอง,3608
มาซีเตาะ ติระคมน์,เพศหญิง,29,นักการเมือง,จังหวัดตราด,11619
อาแอเสาะ ถนัดภาษา,เพศหญิง,38,วีเจ,จังหวัดอุบลราชธานี,27
ญาณพันธุ์ นาคพันธุ์,เพศชาย,47,สถาปนิก,จังหวัดชัยภูมิ,20
ชัฎชา แนวพนิช,เพศหญิง,51,มัคคุเทศก์,จังหวัดเชียงใหม่,436
สุไฮลัน ตันยา,เพศชาย,37,วิศวกร,จังหวัดเพชรบูรณ์,3284
ญาณพันธุ์ ถนัดรบ,เพศชาย,30,ผู้กำกับ,จังหวัดสุราษฎร์ธานี,1169
วรินทธิ์ธร ไชยภา,เพศชาย,28,นักโภชนาการ,จังหวัดสตูล,1046
สุรนีย์ ศิวะวรเวท,เพศหญิง,50,นักกฎหมาย,จังหวัดพัทลุง,44
จินต์จุฑา ถนัดเดินข่าว,เพศหญิง,25,นางแบบ,จังหวัดพะเยา,4142
จิฬาภรณ์ ทองสีไพล,เพศหญิง,29,นายแบบ,จังหวัดเชียงราย,1330
พรปราณี หนุนสุข,เพศหญิง,37,นักผจญภัย,จังหวัดสระแก้ว,7251
คมคาย นรวิทย์โชติกุล,เพศหญิง,53,นักบิน,จังหวัดศรีสะเกษ,1008
สุมัชญา ติณรัตน์,เพศหญิง,26,วีเจ,จังหวัดหนองบัวลำภู,1036
สุทธิพจน์ ทีฆะ,เพศชาย,48,วีเจ,จังหวัดปัตตานี,1466
วัลยา บุนยะศัพท์,เพศหญิง,24,กวี,จังหวัดนครสวรรค์,1469
รอกีเย๊าะ ธีวร,เพศหญิง,47,นักสัตววิทยา,จังหวัดอุตรดิตถ์,8452
บุญนพ นิลวิมล,เพศชาย,40,นักพากย์,จังหวัดกรุงเทพมหานคร,5417
จิราภรณ์ นิลสุวรรณ์,เพศหญิง,33,เกษตรกร,จังหวัดตาก,7673
ภานิณี นครเทพ,เพศหญิง,47,บรรณารักษ์,จังหวัดยโสธร,5447
อำพร วาทา,เพศหญิง,35,นักสังคมศาสตร์,จังหวัดตาก,11880
สมมล พานเกล้า,เพศหญิง,35,นักเขียน,จังหวัดสุราษฎร์ธานี,7393
จักรีรัตน์ แท่นทอง,เพศหญิง,32,นักกีฬา,จังหวัดหนองบัวลำภู,4395
สิริลัดดา บุนยะศัพท์,เพศหญิง,21,ภัณฑารักษ์,จังหวัดมหาสารคาม,708
พิมพกานต์ น้ำทิพย์,เพศหญิง,23,นักแสดง,จังหวัดตราด,7651
ยศพนต์ หอมสิน,เพศชาย,36,นักเศรษฐศาสตร์,จังหวัดยโสธร,2042
จักรพันธ์ ฉิมพาลี,เพศชาย,39,วิศวกร,จังหวัดสกลนคร,12760
วรรณาต สุวรรณหงษ์,เพศหญิง,20,นักดนตรี,จังหวัดสุโขทัย,6257
วรรณรัตน์ ซาซุม,เพศหญิง,39,จ๊อกกี้,จังหวัดปัตตานี,1102
หล้า บุญศล,เพศชาย,55,เกษตรกร,จังหวัดบึงกาฬ,1311
เทพนารี ทองเนื้อดี,เพศหญิง,20,นักกีฬา,จังหวัดลำปาง,6851
นวรรษนันท์ เนื้อนุ่ม,เพศหญิง,54,นักประวัติศาสตร์,จังหวัดศรีสะเกษ,1522
สุรการณ์ นาคสุทิน,เพศหญิง,50,ทนายความ,จังหวัดพะเยา,4536
เกียรติก้อง เยาวธนโชค,เพศชาย,44,นักโบราณคดี,จังหวัดเลย,8491
ภารวี ผลบุญ,เพศหญิง,46,ภัณฑารักษ์,จังหวัดสตูล,10406
ฉัตรปรียา ตัณฑนุช,เพศหญิง,21,นักประวัติศาสตร์,จังหวัดตาก,4147
พิมพกานต์ ทศโยธิน,เพศหญิง,70,นักประชาสัมพันธ์,จังหวัดสิงห์บุรี,2477
วีรชัย นาฏคายี,เพศชาย,23,นักโบราณคดี,จังหวัดเพชรบูรณ์,8706
สุกฤษตา ดาบเพ็ชร์,เพศหญิง,25,ผู้จัดพิมพ์,จังหวัดพิจิตร,2058
เจตธนากร ฉายแสง,เพศชาย,44,โฆษก,จังหวัดเลย,16942
จิณภัทตา ขุนดำ,เพศหญิง,63,นักจิตวิทยา,จังหวัดพิษณุโลก,740
ประไพพักตร์ นครเทพ,เพศหญิง,31,นักกีฬา,จังหวัดอุดรธานี,2409
ศศินา ตวันเยี่ยม,เพศหญิง,34,นักการศึกษา,จังหวัดภูเก็ต,9324
โยธิการ์ อุลหัสสา,เพศหญิง,56,นักการเมือง,จังหวัดพิษณุโลก,9448
ศุภกรชนา แท่นทอง,เพศหญิง,45,มัคคุเทศก์,จังหวัดเพชรบุรี,2727
พรพิไล ทุมะบุตร์,เพศหญิง,42,นักภาษาศาสตร์,จังหวัดกรุงเทพมหานคร,4795
ชนิศา ศรีสัตย์,เพศหญิง,55,โฆษก,จังหวัดราชบุรี,192
ปิยนุช ฉัพพรรณธนกูร,เพศหญิง,40,โปรแกรมเมอร์,จังหวัดชุมพร,4191
บุญทิวา นิยมสำหรวจ,เพศหญิง,24,นักพากย์,จังหวัดอ่างทอง,5835
มารุด ถุงเงิน,เพศชาย,27,นักการเมือง,จังหวัดแม่ฮ่องสอน,7802
สุภัทริดา นาคพันธุ์,เพศหญิง,21,จ๊อกกี้,จังหวัดสุราษฎร์ธานี,93
ศุภาศิล ทำประดู่,เพศชาย,20,นักสัตววิทยา,จังหวัดขอนแก่น,4039
สมใจ ตระกูลบุญ,เพศหญิง,29,นักการกุศล,จังหวัดอ่างทอง,17169
ฟารินี ศาสตร์ศิลป์,เพศหญิง,31,นักกีฬา,จังหวัดตราด,7903
สันชัย ขันธุลา,เพศชาย,20,นักพากย์,จังหวัดบึงกาฬ,1443
จิฬาภรณ์ ฉิมพาลี,เพศหญิง,43,นักชีววิทยา,จังหวัดระนอง,1243
ฐิติยาพร ยางสวย,เพศหญิง,21,นักถ่ายภาพ,จังหวัดราชบุรี,6137
นภัสรินทร์ ตั้งเผ่า,เพศหญิง,29,นักชีววิทยา,จังหวัดสระบุรี,8497
ภูมิปัญญา นาถะพินธุ,เพศชาย,41,มัคคุเทศก์,จังหวัดนครนายก,3500
สุธาวี ธัญเสถียร,เพศหญิง,26,ผู้กำกับละครโทรทัศน์,จังหวัดกำแพงเพชร,4082
พรพิไล บินดี,เพศหญิง,21,นักการทูต,จังหวัดพิจิตร,2899
สุรการณ์ ตัณฑนุช,เพศหญิง,45,นักเขียน,จังหวัดเชียงราย,63
น้ำเพชร ทองสุกเลิศ,เพศหญิง,51,นักแปล,จังหวัดเชียงใหม่,438
นพวรรณ ถนัดการยนต์,เพศหญิง,26,ช่างทำผม,จังหวัดปราจีนบุรี,814
อธิตยา สุวรรณหงษ์,เพศหญิง,51,นักสิทธิมนุษยชน,จังหวัดตาก,17419
สุพัตร ทัศนสุทธิ,เพศหญิง,35,นักวิทยาศาสตร์,จังหวัดประจวบคีรีขันธ์,7106
วรรณกร เวียงจันทึก,เพศหญิง,43,นักโภชนาการ,จังหวัดนครศรีธรรมราช,20
ชัฎชา ทองปากน้ำ,เพศหญิง,26,นักแต่งเพลง,จังหวัดพระนครศรีอยุธยา,2789
สิราพร นิลสลัว,เพศหญิง,45,นักวิจัย,จังหวัดชุมพร,14049
ฐิตาพร ทรัพย์สาร,เพศหญิง,45,ค้าขาย,จังหวัดศรีสะเกษ,2203
ยุศรอน เมืองสุข,เพศชาย,27,พิธีกร,จังหวัดนครพนม,1588
นุจรี นาคสุทิน,เพศหญิง,50,นักธุรกิจ,จังหวัดปัตตานี,6382
เจตธนากร ตัณฑนุช,เพศชาย,24,นักวิจัย,จังหวัดฉะเชิงเทรา,1907
พชรภรณ์ ถนัดการยนต์,เพศหญิง,26,นักแปล,จังหวัดตรัง,3343
วรรณนิสา วุฑฒยากร,เพศหญิง,44,นักถ่ายภาพ,จังหวัดนครพนม,116
ฐิติณัฐฐา เดชวา,เพศหญิง,31,นักคณิตศาสตร์,จังหวัดพังงา,11109
อันธิกา ถนอมพล,เพศหญิง,25,นักคณิตศาสตร์,จังหวัดนครนายก,2288
วันชนก นิยมสำหรวจ,เพศหญิง,34,จิตรกร,จังหวัดพะเยา,12206
สุภัทริดา เดชวา,เพศหญิง,36,นักปรัชญา,จังหวัดประจวบคีรีขันธ์,2019
น้ำเพชร เขียวอ่อน,เพศหญิง,22,บรรณารักษ์,จังหวัดเพชรบูรณ์,5081
เขมจิรา นวลเพ็ง,เพศหญิง,20,บรรณารักษ์,จังหวัดพิษณุโลก,2492
รังสินี ฉัตรอภิเที่ยงค่ำ,เพศหญิง,49,นักสะสมศิลปะ,จังหวัดลพบุรี,479
กิติวัฒน์ ธรรมฤดี,เพศชาย,28,นักปรัชญา,จังหวัดพะเยา,7409
จันทภา ถาวรรัตน,เพศหญิง,26,นักแต่งเพลง,จังหวัดเลย,1398
เพียงกมล นาควงษ์,เพศหญิง,24,นักดาราศาสตร์,จังหวัดกระบี่,8170
จันทภา ทวนทอง,เพศหญิง,48,นักประวัติศาสตร์,จังหวัดชัยนาท,3659
จินต์จุฑา ถมังรักษสัตว์,เพศหญิง,36,นักแสดง,จังหวัดสุราษฎร์ธานี,5966
ประไพพักตร์ นิติสาขา,เพศหญิง,39,บรรณารักษ์,จังหวัดกรุงเทพมหานคร,15511
ณัฐจศักดิ์ ราชมณี,เพศชาย,40,นักการทูต,จังหวัดแพร่,8065
สิริกานต์ บัวเผื่อน,เพศหญิง,61,นักโภชนาการ,จังหวัดสุโขทัย,4052
ไมล์ ตวงทอง,เพศชาย,40,ทหารบก,จังหวัดพังงา,2300
ฉลองชัย ธูปหอม,เพศชาย,53,นักสังคมสงเคราะห์,จังหวัดกาฬสินธุ์,4328
รักชนก หอมพิกุล,เพศหญิง,45,นักสืบ,จังหวัดเพชรบุรี,8104
ราชันทร์ ถนอมพล,เพศชาย,47,นักเขียน,จังหวัดบุรีรัมย์,1659
วัลยา ถนอมกุลบุตร,เพศหญิง,57,นักการกุศล,จังหวัดตรัง,12607
ปัญญาพร ถนัดอาวุธ,เพศหญิง,26,นักจิตวิทยา,จังหวัดนครพนม,4675
เอกอธิพงษ์ นามเสวตร,เพศชาย,44,นักการศึกษา,จังหวัดนครนายก,3271
มาโนชญ์ น้ำทิพย์,เพศชาย,34,ผู้กำกับ,จังหวัดร้อยเอ็ด,2931
ณัฐธภรณ์ เขียวอ่อน,เพศหญิง,40,นักคณิตศาสตร์,จังหวัดฉะเชิงเทรา,5071
มูฮัมหมัดอิมรอน บุณยะภาชน์,เพศชาย,42,นักการศึกษา,จังหวัดศรีสะเกษ,7007
ราณี อุ่นอก,เพศหญิง,43,จ๊อกกี้,จังหวัดพังงา,19121
บุญพา เลขะพันธุ์,เพศหญิง,21,นักจัดรายการวิทยุ,จังหวัดหนองบัวลำภู,763
มารีนี นิยมสำหรวจ,เพศหญิง,36,ข้าราชการ,จังหวัดกาฬสินธุ์,2189
วรปรัชญ์ ถนัดเดินข่าว,เพศชาย,43,วีเจ,จังหวัดพิจิตร,415
ศศิธร ดิศดใน,เพศหญิง,39,มัคคุเทศก์,จังหวัดปทุมธานี,1698
สุธินันท์ เตชะกำพุ,เพศหญิง,25,นักบวช,จังหวัดชัยภูมิ,873
อำพร ทวนทอง,เพศหญิง,22,นักเศรษฐศาสตร์,จังหวัดตรัง,4102
มนัญชยา เตชะกำพุ,เพศหญิง,28,นักประวัติศาสตร์,จังหวัดกทม.,2086
รอกีเย๊าะ ถาวรรัตน,เพศหญิง,34,นักคณิตศาสตร์,จังหวัดนครศรีธรรมราช,138
นาตยา ธรรมฤดี,เพศหญิง,39,นักเศรษฐศาสตร์,จังหวัดกระบี่,20213
ดวงสมร ตัณสถิตย์,เพศหญิง,46,นักกฎหมาย,จังหวัดตาก,566
ยศวัฒน์ ทศโยธิน,เพศชาย,26,ผู้กำกับละครโทรทัศน์,จังหวัดลำพูน,1276
ประไพพักตร์ มิ่งขวัญ,เพศหญิง,41,นักสังคมสงเคราะห์,จังหวัดสมุทรปราการ,2233
ด.ช.นิรันดร์ นาถะพินธุ,เพศชาย,24,นักจิตวิทยา,จังหวัดปัตตานี,1332
ฐิติวุฒิ ถะเกิงชศ,เพศชาย,64,จ๊อกกี้,จังหวัดอุดรธานี,713
ราณี แหยมศิริ,เพศหญิง,20,ทนายความ,จังหวัดลพบุรี,1731
ทินพร นิยมสำหรวจ,เพศหญิง,30,วีเจ,จังหวัดสมุทรปราการ,6651
คมคาย มนทอง,เพศหญิง,23,ผู้กำกับละครโทรทัศน์,จังหวัดภูเก็ต,387
พรรณปพร นุ่มกัน,เพศหญิง,31,นักประวัติศาสตร์,จังหวัดกรุงเทพ,10894
ศิริเกศ ธุวะนุติ์,เพศหญิง,59,นักสังคมศาสตร์,จังหวัดนครพนม,3345
